match_id,cmp_id,homeTeamId,awayTeamId,startDate,courtId,referee_id,round,isDraw,last_match,is_bye,is_forfeited,is_cancel,homeTeamKits,awayTeamKits,homeTeamName,awayTeamName,total_goals,goal_difference,home_win,match_year,match_month,match_day,match_weekday,home_team_goals,away_team_goals,home_team_points,away_team_points
97881,430,331,17,1/20/2023,11,1,1,0,0,0,0,0,0,0,Hume FC,Fitzroy FC,6,4,0,2023,1,20,4,1,5,0,3
97882,430,21,19,1/20/2023,11,1,1,0,0,0,0,0,0,0,Campbellfield FC,Altona Knights FC,11,1,1,2023,1,20,4,6,5,0,0
97883,430,325,18,1/20/2023,11,1,1,0,0,0,0,0,0,0,Roxburgh Park Gorillas,Moreland Blues FC,5,3,0,2023,1,20,4,1,4,0,3
97884,430,22,20,2/21/2023,11,1,1,0,0,0,0,0,0,0,FC Carlton Heart,Western United FC,3,1,1,2023,2,21,1,2,1,3,0
97885,430,22,331,1/27/2023,11,1,2,0,0,0,0,0,0,0,FC Carlton Heart,Hume FC,6,2,0,2023,1,27,4,2,4,0,3
97886,430,18,19,1/27/2023,11,1,2,0,0,0,0,0,0,0,Moreland Blues FC,Altona Knights FC,5,3,1,2023,1,27,4,4,1,3,0
97887,430,21,325,1/27/2023,11,1,2,0,0,0,0,0,0,0,Campbellfield FC,Roxburgh Park Gorillas,15,9,1,2023,1,27,4,12,3,3,0
97888,430,20,17,2/28/2023,11,1,2,0,0,0,0,0,0,0,Western United FC,Fitzroy FC,8,4,0,2023,2,28,1,2,6,0,3
97889,430,325,19,2/3/2023,11,1,3,0,0,0,0,0,0,0,Roxburgh Park Gorillas,Altona Knights FC,4,2,1,2023,2,3,4,3,1,3,0
97890,430,17,22,2/3/2023,11,1,3,0,0,0,0,0,0,0,Fitzroy FC,FC Carlton Heart,8,6,1,2023,2,3,4,7,1,3,0
97891,430,18,21,2/3/2023,11,1,3,0,0,0,0,0,0,0,Moreland Blues FC,Campbellfield FC,8,2,1,2023,2,3,4,5,3,3,0
97892,430,331,20,3/7/2023,11,1,3,0,0,0,0,0,0,0,Hume FC,Western United FC,8,2,1,2023,3,7,1,5,3,3,0
97893,430,17,325,2/10/2023,11,1,4,0,0,0,0,0,0,0,Fitzroy FC,Roxburgh Park Gorillas,5,3,1,2023,2,10,4,4,1,3,0
97894,430,22,19,2/10/2023,11,1,4,0,0,0,0,0,0,0,FC Carlton Heart,Altona Knights FC,15,5,0,2023,2,10,4,5,10,0,3
97895,430,331,18,2/10/2023,11,1,4,1,0,0,0,0,0,0,Hume FC,Moreland Blues FC,5,1,1,2023,2,10,4,3,2,3,0
97896,430,21,20,2/10/2023,11,1,4,0,0,0,0,0,0,0,Campbellfield FC,Western United FC,6,4,1,2023,2,10,4,5,1,3,0
97897,430,22,325,2/17/2023,11,1,5,0,0,0,0,0,0,0,FC Carlton Heart,Roxburgh Park Gorillas,10,8,1,2023,2,17,4,9,1,3,0
97898,430,331,19,2/17/2023,11,1,5,0,0,0,0,0,0,0,Hume FC,Altona Knights FC,3,3,0,2023,2,17,4,0,3,0,3
97899,430,17,21,2/17/2023,11,1,5,0,0,0,0,0,0,0,Fitzroy FC,Campbellfield FC,3,1,1,2023,2,17,4,2,1,3,0
97900,430,20,18,2/17/2023,11,1,5,0,0,0,0,0,0,0,Western United FC,Moreland Blues FC,6,2,0,2023,2,17,4,2,4,0,3
97901,430,19,17,2/24/2023,11,1,6,0,0,0,0,0,0,0,Altona Knights FC,Fitzroy FC,7,7,0,2023,2,24,4,0,7,0,3
97902,430,22,18,2/24/2023,11,1,6,0,0,0,0,0,0,0,FC Carlton Heart,Moreland Blues FC,7,1,0,2023,2,24,4,3,4,0,3
97903,430,20,325,2/24/2023,11,1,6,0,0,0,0,0,0,0,Western United FC,Roxburgh Park Gorillas,5,1,0,2023,2,24,4,2,3,0,0
97904,430,21,331,2/24/2023,11,1,6,0,0,0,0,0,0,0,Campbellfield FC,Hume FC,7,1,1,2023,2,24,4,4,3,3,0
97905,430,325,331,3/3/2023,11,1,7,0,0,0,0,0,0,0,Roxburgh Park Gorillas,Hume FC,4,2,0,2023,3,3,4,1,3,0,3
97906,430,20,19,3/3/2023,11,1,7,0,0,0,0,0,0,0,Western United FC,Altona Knights FC,15,5,1,2023,3,3,4,10,5,3,0
97907,430,17,18,3/3/2023,11,1,7,0,0,0,0,0,0,0,Fitzroy FC,Moreland Blues FC,7,1,1,2023,3,3,4,4,3,3,0
97908,430,21,22,3/3/2023,11,1,7,0,1,0,0,0,0,0,Campbellfield FC,FC Carlton Heart,9,1,1,2023,3,3,4,5,4,0,0
97909,430,331,17,3/10/2023,11,1,8,0,0,0,0,0,0,0,Hume FC,Fitzroy FC,3,1,1,2023,3,10,4,2,1,0,0
97910,430,325,18,3/10/2023,11,1,8,0,0,0,0,0,0,0,Roxburgh Park Gorillas,Moreland Blues FC,10,2,0,2023,3,10,4,4,6,0,3
97911,430,22,20,3/10/2023,11,1,8,0,0,0,0,0,0,0,FC Carlton Heart,Western United FC,7,1,0,2023,3,10,4,3,4,0,0
97912,430,21,19,3/10/2023,11,1,8,0,0,0,0,0,0,0,Campbellfield FC,Altona Knights FC,9,1,0,2023,3,10,4,4,5,0,3
97913,430,18,19,3/17/2023,11,1,9,0,0,0,0,0,0,0,Moreland Blues FC,Altona Knights FC,12,6,1,2023,3,17,4,9,3,3,0
97914,430,22,331,3/17/2023,11,1,9,0,0,0,0,0,0,0,FC Carlton Heart,Hume FC,9,3,0,2023,3,17,4,3,6,0,3
97915,430,21,325,3/17/2023,11,1,9,0,0,0,0,0,0,0,Campbellfield FC,Roxburgh Park Gorillas,7,3,1,2023,3,17,4,5,2,3,0
97916,430,20,17,3/17/2023,11,1,9,0,0,0,0,0,0,0,Western United FC,Fitzroy FC,12,8,0,2023,3,17,4,2,10,0,3
97917,430,325,19,3/24/2023,11,1,10,0,0,0,0,0,0,0,Roxburgh Park Gorillas,Altona Knights FC,7,5,1,2023,3,24,4,6,1,3,0
97918,430,17,22,3/24/2023,11,1,10,0,0,0,0,0,0,0,Fitzroy FC,FC Carlton Heart,8,6,1,2023,3,24,4,7,1,3,0
97919,430,18,21,3/24/2023,11,1,10,0,0,0,0,0,0,0,Moreland Blues FC,Campbellfield FC,7,3,1,2023,3,24,4,5,2,3,0
97920,430,331,20,3/24/2023,11,1,10,0,0,0,0,0,0,0,Hume FC,Western United FC,4,2,1,2023,3,24,4,3,1,3,0
97921,430,325,17,3/31/2023,11,1,11,0,0,0,0,0,0,0,Roxburgh Park Gorillas,Fitzroy FC,10,10,0,2023,3,31,4,0,10,0,3
97922,430,19,22,3/31/2023,11,1,11,0,0,0,0,0,0,0,Altona Knights FC,FC Carlton Heart,7,1,0,2023,3,31,4,3,4,0,0
97923,430,18,331,3/31/2023,11,1,11,0,0,0,0,0,0,0,Moreland Blues FC,Hume FC,6,4,1,2023,3,31,4,5,1,3,0
97924,430,20,21,3/31/2023,11,1,11,0,0,0,0,0,0,0,Western United FC,Campbellfield FC,5,3,0,2023,3,31,4,1,4,0,3
97925,430,22,325,4/14/2023,11,1,12,0,0,0,0,0,0,0,FC Carlton Heart,Roxburgh Park Gorillas,7,3,0,2023,4,14,4,2,5,0,3
97926,430,20,18,4/14/2023,11,1,12,0,0,0,0,0,0,0,Western United FC,Moreland Blues FC,7,5,0,2023,4,14,4,1,6,0,3
97927,430,17,21,4/14/2023,11,1,12,0,0,0,0,0,0,0,Fitzroy FC,Campbellfield FC,7,1,1,2023,4,14,4,4,3,3,0
97928,430,331,19,4/14/2023,11,1,12,0,0,0,0,0,0,0,Hume FC,Altona Knights FC,4,2,1,2023,4,14,4,3,1,3,0
97929,430,20,325,4/21/2023,11,1,13,0,0,0,0,0,0,0,Western United FC,Roxburgh Park Gorillas,5,3,0,2023,4,21,4,1,4,0,3
97930,430,22,18,4/21/2023,11,1,13,0,0,0,0,0,0,0,FC Carlton Heart,Moreland Blues FC,9,3,0,2023,4,21,4,3,6,0,3
97931,430,17,19,4/21/2023,11,1,13,0,0,0,0,0,0,0,Fitzroy FC,Altona Knights FC,18,14,1,2023,4,21,4,16,2,3,0
97932,430,21,331,4/21/2023,11,1,13,0,0,0,0,0,0,0,Campbellfield FC,Hume FC,7,3,1,2023,4,21,4,5,2,3,0
97933,430,19,20,5/5/2023,11,1,14,0,0,0,0,0,0,0,Altona Knights FC,Western United FC,7,1,1,2023,5,5,4,4,3,3,0
97934,430,22,21,5/5/2023,11,1,14,1,0,0,0,0,0,0,FC Carlton Heart,Campbellfield FC,5,1,1,2023,5,5,4,3,2,3,0
97935,430,18,17,5/21/2023,11,1,14,0,0,0,0,0,0,0,Moreland Blues FC,Fitzroy FC,5,3,0,2023,5,21,6,1,4,0,3
97936,430,331,325,5/5/2023,11,1,14,0,0,0,0,0,0,0,Hume FC,Roxburgh Park Gorillas,9,3,1,2023,5,5,4,6,3,3,0
97937,430,20,22,5/12/2023,11,1,15,0,0,0,0,0,0,0,Western United FC,FC Carlton Heart,8,2,0,2023,5,12,4,3,5,0,3
97938,430,17,331,5/12/2023,11,1,15,0,0,0,0,0,0,0,Fitzroy FC,Hume FC,16,14,1,2023,5,12,4,15,1,3,0
97939,430,18,325,5/12/2023,11,1,15,0,0,0,0,0,0,0,Moreland Blues FC,Roxburgh Park Gorillas,6,6,1,2023,5,12,4,6,0,3,0
97940,430,19,21,5/12/2023,11,1,15,0,0,0,0,0,0,0,Altona Knights FC,Campbellfield FC,7,3,0,2023,5,12,4,2,5,0,3
97941,430,19,18,5/23/2023,11,1,16,0,0,0,0,0,0,0,Altona Knights FC,Moreland Blues FC,11,3,1,2023,5,23,1,7,4,3,0
97942,430,325,21,5/23/2023,11,1,16,0,0,0,0,0,0,0,Roxburgh Park Gorillas,Campbellfield FC,14,6,0,2023,5,23,1,4,10,0,3
97943,430,17,20,5/23/2023,11,1,16,0,0,0,0,0,0,0,Fitzroy FC,Western United FC,8,6,1,2023,5,23,1,7,1,3,0
97944,430,331,22,5/23/2023,11,1,16,0,0,0,0,0,0,0,Hume FC,FC Carlton Heart,2,2,0,2023,5,23,1,0,2,0,3
97945,430,22,17,5/19/2023,11,1,17,0,0,0,0,0,0,0,FC Carlton Heart,Fitzroy FC,7,3,0,2023,5,19,4,2,5,0,3
97946,430,20,331,5/19/2023,11,1,17,0,0,0,0,0,0,0,Western United FC,Hume FC,7,1,1,2023,5,19,4,4,3,0,0
97947,430,19,325,5/19/2023,11,1,17,0,0,0,0,0,0,0,Altona Knights FC,Roxburgh Park Gorillas,7,3,1,2023,5,19,4,5,2,3,0
97948,430,21,18,5/19/2023,11,1,17,0,0,0,0,0,0,0,Campbellfield FC,Moreland Blues FC,8,6,1,2023,5,19,4,7,1,3,0
97949,430,21,20,5/26/2023,11,1,18,0,0,0,0,0,0,0,Campbellfield FC,Western United FC,9,1,0,2023,5,26,4,4,5,0,3
97950,430,17,325,5/26/2023,11,1,18,0,0,0,0,0,0,0,Fitzroy FC,Roxburgh Park Gorillas,5,3,1,2023,5,26,4,4,1,3,0
97951,430,22,19,5/26/2023,11,1,18,0,0,0,0,0,0,0,FC Carlton Heart,Altona Knights FC,7,1,0,2023,5,26,4,3,4,0,0
97952,430,331,18,5/26/2023,11,1,18,0,0,0,0,0,0,0,Hume FC,Moreland Blues FC,8,4,0,2023,5,26,4,2,6,0,3
97953,430,325,22,6/2/2023,11,1,19,0,0,0,0,0,0,0,Roxburgh Park Gorillas,FC Carlton Heart,8,2,1,2023,6,2,4,5,3,3,0
97954,430,19,331,6/2/2023,11,1,19,0,0,0,0,0,0,0,Altona Knights FC,Hume FC,7,1,1,2023,6,2,4,4,3,0,0
97955,430,21,17,6/2/2023,11,1,19,0,0,0,0,0,0,0,Campbellfield FC,Fitzroy FC,5,1,0,2023,6,2,4,2,3,0,3
97956,430,18,20,6/2/2023,11,1,19,0,0,0,0,0,0,0,Moreland Blues FC,Western United FC,5,1,1,2023,6,2,4,3,2,3,0
97957,430,325,20,6/9/2023,11,1,20,0,0,0,0,0,0,0,Roxburgh Park Gorillas,Western United FC,13,1,1,2023,6,9,4,7,6,0,0
97958,430,18,22,6/9/2023,11,1,20,0,0,0,0,0,0,0,Moreland Blues FC,FC Carlton Heart,11,7,1,2023,6,9,4,9,2,3,0
97959,430,19,17,6/9/2023,11,1,20,0,0,0,0,0,0,0,Altona Knights FC,Fitzroy FC,17,13,0,2023,6,9,4,2,15,0,3
97960,430,331,21,6/9/2023,11,1,20,0,0,0,0,0,0,0,Hume FC,Campbellfield FC,11,7,0,2023,6,9,4,2,9,0,3
97961,430,20,19,6/16/2023,11,1,21,0,0,0,0,0,0,0,Western United FC,Altona Knights FC,9,1,1,2023,6,16,4,5,4,0,0
97962,430,21,22,6/16/2023,11,1,21,0,0,0,0,0,0,0,Campbellfield FC,FC Carlton Heart,16,6,1,2023,6,16,4,11,5,3,0
97963,430,17,18,6/16/2023,11,1,21,0,0,0,0,0,0,0,Fitzroy FC,Moreland Blues FC,7,1,1,2023,6,16,4,4,3,0,0
97964,430,325,331,6/16/2023,11,1,21,0,0,0,0,0,0,0,Roxburgh Park Gorillas,Hume FC,7,1,0,2023,6,16,4,3,4,0,3
123999,527,322,17,7/21/2023,11,1,1,0,0,0,0,0,0,0,Metropolitan FC,Fitzroy FC,11,7,0,2023,7,21,4,2,9,0,3
124000,527,22,19,7/21/2023,11,1,1,0,0,0,0,0,0,0,FC Carlton Heart,Altona Knights FC,7,5,0,2023,7,21,4,1,6,0,3
124001,527,21,331,7/21/2023,11,1,1,0,0,0,0,0,0,0,Campbellfield FC,Hume FC,10,4,1,2023,7,21,4,7,3,3,0
124002,527,18,325,7/21/2023,11,1,1,0,0,0,0,0,0,0,Moreland Blues FC,Roxburgh Park Gorillas,11,9,1,2023,7,21,4,10,1,3,0
124003,527,18,322,7/28/2023,11,1,2,0,0,0,0,0,0,0,Moreland Blues FC,Metropolitan FC,18,14,1,2023,7,28,4,16,2,3,0
124004,527,17,19,7/28/2023,11,1,2,0,0,0,0,0,0,0,Fitzroy FC,Altona Knights FC,10,6,1,2023,7,28,4,8,2,3,0
124005,527,325,21,7/28/2023,11,1,2,0,0,0,0,0,0,0,Roxburgh Park Gorillas,Campbellfield FC,11,5,0,2023,7,28,4,3,8,0,3
124006,527,331,22,7/28/2023,11,1,2,0,0,0,0,0,0,0,Hume FC,FC Carlton Heart,11,3,1,2023,7,28,4,7,4,3,0
124007,527,18,19,8/4/2023,11,1,3,0,0,0,0,0,0,0,Moreland Blues FC,Altona Knights FC,8,8,1,2023,8,4,4,8,0,3,0
124008,527,22,322,8/4/2023,11,1,3,0,0,0,0,0,0,0,FC Carlton Heart,Metropolitan FC,9,3,0,2023,8,4,4,3,6,0,3
124009,527,21,17,8/4/2023,11,1,3,0,0,0,0,0,0,0,Campbellfield FC,Fitzroy FC,3,1,1,2023,8,4,4,2,1,0,0
124010,527,325,331,8/4/2023,11,1,3,0,0,0,0,0,0,0,Roxburgh Park Gorillas,Hume FC,6,4,0,2023,8,4,4,1,5,0,3
124011,527,331,19,8/11/2023,11,1,4,0,0,0,0,0,0,0,Hume FC,Altona Knights FC,3,3,0,2023,8,11,4,0,3,0,3
124012,527,325,17,8/11/2023,11,1,4,0,0,0,0,0,0,0,Roxburgh Park Gorillas,Fitzroy FC,15,15,0,2023,8,11,4,0,15,0,3
124013,527,18,22,8/11/2023,11,1,4,0,0,0,0,0,0,0,Moreland Blues FC,FC Carlton Heart,6,2,1,2023,8,11,4,4,2,3,0
124014,527,21,322,8/11/2023,11,1,4,0,0,0,0,0,0,0,Campbellfield FC,Metropolitan FC,13,7,1,2023,8,11,4,10,3,3,0
124015,527,322,19,8/18/2023,11,1,5,0,0,0,0,0,0,0,Metropolitan FC,Altona Knights FC,11,3,0,2023,8,18,4,4,7,0,3
124016,527,331,17,8/18/2023,11,1,5,0,0,0,0,0,0,0,Hume FC,Fitzroy FC,7,1,0,2023,8,18,4,3,4,0,3
124017,527,21,18,8/18/2023,11,1,5,0,0,0,0,0,0,0,Campbellfield FC,Moreland Blues FC,12,6,0,2023,8,18,4,3,9,0,3
124018,527,22,325,8/18/2023,11,1,5,0,0,0,0,0,0,0,FC Carlton Heart,Roxburgh Park Gorillas,9,1,1,2023,8,18,4,5,4,3,0
124019,527,325,322,8/25/2023,11,1,6,0,0,0,0,0,0,0,Roxburgh Park Gorillas,Metropolitan FC,15,1,0,2023,8,25,4,7,8,0,0
124020,527,17,22,8/25/2023,11,1,6,0,0,0,0,0,0,0,Fitzroy FC,FC Carlton Heart,8,8,1,2023,8,25,4,8,0,3,0
124021,527,331,18,8/25/2023,11,1,6,0,0,0,0,0,0,0,Hume FC,Moreland Blues FC,6,4,0,2023,8,25,4,1,5,0,3
124022,527,19,21,8/25/2023,11,1,6,0,0,0,0,0,0,0,Altona Knights FC,Campbellfield FC,11,7,0,2023,8,25,4,2,9,0,3
124023,527,19,325,9/1/2023,11,1,7,0,0,0,0,0,0,0,Altona Knights FC,Roxburgh Park Gorillas,5,1,0,2023,9,1,4,2,3,0,3
124024,527,22,21,9/1/2023,11,1,7,0,0,0,0,0,0,0,FC Carlton Heart,Campbellfield FC,8,6,0,2023,9,1,4,1,7,0,3
124025,527,17,18,9/1/2023,11,1,7,0,0,0,0,0,0,0,Fitzroy FC,Moreland Blues FC,7,5,1,2023,9,1,4,6,1,3,0
124026,527,322,331,9/1/2023,11,1,7,0,0,0,0,0,0,0,Metropolitan FC,Hume FC,13,7,0,2023,9,1,4,3,10,0,3
124027,527,325,18,9/8/2023,11,1,8,0,0,0,0,0,0,0,Roxburgh Park Gorillas,Moreland Blues FC,13,11,0,2023,9,8,4,1,12,0,3
124028,527,19,22,9/8/2023,11,1,8,0,0,0,0,0,0,0,Altona Knights FC,FC Carlton Heart,9,1,1,2023,9,8,4,5,4,0,0
124029,527,331,21,9/8/2023,11,1,8,0,0,0,0,0,0,0,Hume FC,Campbellfield FC,3,1,1,2023,9,8,4,2,1,3,0
124030,527,17,322,9/8/2023,11,1,8,0,0,0,0,0,0,0,Fitzroy FC,Metropolitan FC,15,5,1,2023,9,8,4,10,5,3,0
124031,527,322,18,9/15/2023,11,1,9,0,0,0,0,0,0,0,Metropolitan FC,Moreland Blues FC,12,8,0,2023,9,15,4,2,10,0,3
124032,527,19,17,9/15/2023,11,1,9,0,0,0,0,0,0,0,Altona Knights FC,Fitzroy FC,8,4,0,2023,9,15,4,2,6,0,3
124033,527,22,331,9/15/2023,11,1,9,0,0,0,0,0,0,0,FC Carlton Heart,Hume FC,3,3,0,2023,9,15,4,0,3,0,3
124034,527,21,325,9/15/2023,11,1,9,0,0,0,0,0,0,0,Campbellfield FC,Roxburgh Park Gorillas,9,1,1,2023,9,15,4,5,4,3,0
124035,527,19,18,9/22/2023,11,1,10,0,0,0,0,0,0,0,Altona Knights FC,Moreland Blues FC,9,5,0,2023,9,22,4,2,7,0,3
124036,527,331,325,9/22/2023,11,1,10,0,0,0,0,0,0,0,Hume FC,Roxburgh Park Gorillas,11,1,0,2023,9,22,4,5,6,0,3
124037,527,17,21,9/22/2023,11,1,10,0,0,0,0,0,0,0,Fitzroy FC,Campbellfield FC,5,3,1,2023,9,22,4,4,1,3,0
124038,527,322,22,9/22/2023,11,1,10,0,0,0,0,0,0,0,Metropolitan FC,FC Carlton Heart,14,8,1,2023,9,22,4,11,3,3,0
124039,527,22,18,9/29/2023,11,1,11,0,0,0,0,0,0,0,FC Carlton Heart,Moreland Blues FC,8,4,0,2023,9,29,4,2,6,0,3
124040,527,19,331,9/29/2023,11,1,11,0,0,0,0,0,0,0,Altona Knights FC,Hume FC,10,2,0,2023,9,29,4,4,6,0,3
124041,527,325,17,9/29/2023,11,1,11,0,0,0,0,0,0,0,Roxburgh Park Gorillas,Fitzroy FC,7,3,0,2023,9,29,4,2,5,0,3
124042,527,322,21,9/29/2023,11,1,11,0,0,0,0,0,0,0,Metropolitan FC,Campbellfield FC,12,4,0,2023,9,29,4,4,8,0,3
124043,527,19,322,10/6/2023,11,1,12,0,0,0,0,0,0,0,Altona Knights FC,Metropolitan FC,12,4,1,2023,10,6,4,8,4,3,0
124044,527,17,331,10/6/2023,11,1,12,0,0,0,0,0,0,0,Fitzroy FC,Hume FC,8,6,1,2023,10,6,4,7,1,3,0
124045,527,18,21,10/6/2023,11,1,12,0,0,0,0,0,0,0,Moreland Blues FC,Campbellfield FC,6,2,1,2023,10,6,4,4,2,3,0
124046,527,325,22,10/6/2023,11,1,12,0,0,0,0,0,0,0,Roxburgh Park Gorillas,FC Carlton Heart,3,3,0,2023,10,6,4,0,3,0,3
124047,527,322,325,10/13/2023,11,1,13,0,0,0,0,0,0,0,Metropolitan FC,Roxburgh Park Gorillas,12,4,1,2023,10,13,4,8,4,3,0
124048,527,22,17,10/13/2023,11,1,13,0,0,0,0,0,0,0,FC Carlton Heart,Fitzroy FC,12,4,0,2023,10,13,4,4,8,0,3
124049,527,18,331,10/13/2023,11,1,13,0,0,0,0,0,0,0,Moreland Blues FC,Hume FC,8,4,1,2023,10,13,4,6,2,3,0
124050,527,21,19,10/13/2023,11,1,13,0,0,0,0,0,0,0,Campbellfield FC,Altona Knights FC,13,3,1,2023,10,13,4,8,5,3,0
124051,527,21,22,10/20/2023,11,1,14,0,0,0,0,0,0,0,Campbellfield FC,FC Carlton Heart,9,1,0,2023,10,20,4,4,5,0,3
124052,527,325,19,10/20/2023,11,1,14,0,0,0,0,0,0,0,Roxburgh Park Gorillas,Altona Knights FC,12,6,0,2023,10,20,4,3,9,0,3
124053,527,17,18,10/20/2023,11,1,14,0,0,0,0,0,0,0,Fitzroy FC,Moreland Blues FC,5,3,1,2023,10,20,4,4,1,3,0
124054,527,331,322,10/20/2023,11,1,14,0,0,0,0,0,0,0,Hume FC,Metropolitan FC,12,4,1,2023,10,20,4,8,4,3,0
124055,527,18,325,10/27/2023,11,1,15,0,0,0,0,0,0,0,Moreland Blues FC,Roxburgh Park Gorillas,12,12,1,2023,10,27,4,12,0,3,0
124056,527,21,331,10/27/2023,11,1,15,0,0,0,0,0,0,0,Campbellfield FC,Hume FC,7,1,1,2023,10,27,4,4,3,0,0
124057,527,22,19,10/27/2023,11,1,15,0,0,0,0,0,0,0,FC Carlton Heart,Altona Knights FC,7,5,1,2023,10,27,4,6,1,3,0
124058,527,322,17,10/27/2023,11,1,15,0,0,0,0,0,0,0,Metropolitan FC,Fitzroy FC,22,12,0,2023,10,27,4,5,17,0,3
124059,527,17,19,11/3/2023,11,1,16,0,0,0,0,0,0,0,Fitzroy FC,Altona Knights FC,8,4,1,2023,11,3,4,6,2,3,0
124060,527,331,22,11/3/2023,11,1,16,0,0,0,0,0,0,0,Hume FC,FC Carlton Heart,9,1,1,2023,11,3,4,5,4,3,0
124061,527,325,21,11/3/2023,11,1,16,0,0,0,0,0,0,0,Roxburgh Park Gorillas,Campbellfield FC,12,6,0,2023,11,3,4,3,9,0,3
124062,527,18,322,11/3/2023,11,1,16,0,0,0,0,0,0,0,Moreland Blues FC,Metropolitan FC,20,14,1,2023,11,3,4,17,3,3,0
124063,527,22,322,11/10/2023,11,1,17,0,0,0,0,0,0,0,FC Carlton Heart,Metropolitan FC,13,7,1,2023,11,10,4,10,3,3,0
124064,527,325,331,11/10/2023,11,1,17,0,0,0,0,0,0,0,Roxburgh Park Gorillas,Hume FC,7,1,0,2023,11,10,4,3,4,0,0
124065,527,21,17,11/10/2023,11,1,17,0,0,0,0,0,0,0,Campbellfield FC,Fitzroy FC,6,2,0,2023,11,10,4,2,4,0,3
124066,527,18,19,11/10/2023,11,1,17,0,0,0,0,0,0,0,Moreland Blues FC,Altona Knights FC,11,7,1,2023,11,10,4,9,2,3,0
124067,527,325,17,11/17/2023,11,1,18,0,0,0,0,0,0,0,Roxburgh Park Gorillas,Fitzroy FC,20,16,0,2023,11,17,4,2,18,0,3
124068,527,331,19,11/17/2023,11,1,18,0,0,0,0,0,0,0,Hume FC,Altona Knights FC,9,1,1,2023,11,17,4,5,4,0,0
124069,527,21,322,11/17/2023,11,1,18,0,0,0,0,0,0,0,Campbellfield FC,Metropolitan FC,17,3,1,2023,11,17,4,10,7,3,0
124070,527,18,22,11/28/2023,11,1,18,0,0,0,0,0,0,0,Moreland Blues FC,FC Carlton Heart,9,1,0,2023,11,28,1,4,5,0,3
124071,527,322,19,11/24/2023,11,1,19,0,0,0,0,0,0,0,Metropolitan FC,Altona Knights FC,12,2,0,2023,11,24,4,5,7,0,3
124072,527,331,17,11/24/2023,11,1,19,0,0,0,0,0,0,0,Hume FC,Fitzroy FC,3,1,0,2023,11,24,4,1,2,0,3
124073,527,21,18,11/24/2023,11,1,19,0,0,0,0,0,0,0,Campbellfield FC,Moreland Blues FC,9,5,0,2023,11,24,4,2,7,0,3
124074,527,22,325,11/24/2023,11,1,19,0,0,0,0,0,0,0,FC Carlton Heart,Roxburgh Park Gorillas,13,1,1,2023,11,24,4,7,6,3,0
124075,527,17,22,12/1/2023,11,1,20,0,0,0,0,0,0,0,Fitzroy FC,FC Carlton Heart,10,6,1,2023,12,1,4,8,2,3,0
124076,527,325,322,12/1/2023,11,1,20,0,0,0,0,0,0,0,Roxburgh Park Gorillas,Metropolitan FC,11,1,1,2023,12,1,4,6,5,3,0
124077,527,331,18,12/1/2023,11,1,20,0,0,0,0,0,0,0,Hume FC,Moreland Blues FC,7,5,0,2023,12,1,4,1,6,0,3
124078,527,19,21,12/1/2023,11,1,20,0,0,0,0,0,0,0,Altona Knights FC,Campbellfield FC,10,2,0,2023,12,1,4,4,6,0,3
124079,527,19,325,12/8/2023,11,1,21,0,0,0,0,0,0,0,Altona Knights FC,Roxburgh Park Gorillas,10,6,1,2023,12,8,4,8,2,3,0
124080,527,22,21,12/8/2023,11,1,21,0,0,0,0,0,0,0,FC Carlton Heart,Campbellfield FC,10,4,0,2023,12,8,4,3,7,0,3
124081,527,17,18,12/8/2023,11,1,21,0,0,0,0,0,0,0,Fitzroy FC,Moreland Blues FC,7,1,0,2023,12,8,4,3,4,0,3
124082,527,322,331,12/8/2023,11,1,21,0,1,0,0,0,0,0,Metropolitan FC,Hume FC,11,1,0,2023,12,8,4,5,6,0,0
147814,627,17,20,1/19/2024,11,1,1,1,0,0,0,0,0,0,Fitzroy FC,Western United FC,6,2,1,2024,1,19,4,4,2,3,0
147815,627,22,331,1/19/2024,11,1,1,1,0,0,0,0,0,0,FC Carlton Heart,Hume FC,12,4,1,2024,1,19,4,8,4,3,0
147816,627,19,355,1/19/2024,11,1,1,0,0,0,0,0,0,0,Altona Knights FC,Western City FC ,6,2,0,2024,1,19,4,2,4,0,3
147818,627,18,355,1/23/2024,11,1,2,0,0,0,0,0,0,0,Moreland Blues FC,Western City FC ,2,2,1,2024,1,23,1,2,0,3,0
147819,627,19,22,1/26/2024,11,1,2,0,0,0,0,0,0,0,Altona Knights FC,FC Carlton Heart,4,2,1,2024,1,26,4,3,1,3,0
147820,627,331,17,1/26/2024,11,1,2,0,0,0,0,0,0,0,Hume FC,Fitzroy FC,3,1,0,2024,1,26,4,1,2,0,3
147822,627,20,331,2/2/2024,11,1,3,0,0,0,0,0,0,0,Western United FC,Hume FC,12,2,1,2024,2,2,4,7,5,3,0
147823,627,22,355,2/2/2024,11,1,3,0,0,0,0,0,0,0,FC Carlton Heart,Western City FC ,7,7,1,2024,2,2,4,7,0,3,0
147824,627,18,19,2/2/2024,11,1,3,0,0,0,0,0,0,0,Moreland Blues FC,Altona Knights FC,3,1,1,2024,2,2,4,2,1,3,0
147826,627,355,331,2/9/2024,11,1,4,0,0,0,0,0,0,0,Western City FC ,Hume FC,5,1,1,2024,2,9,4,3,2,0,0
147827,627,18,20,2/9/2024,11,1,4,0,0,0,0,0,0,0,Moreland Blues FC,Western United FC,1,1,1,2024,2,9,4,1,0,3,0
147828,627,17,22,2/9/2024,11,1,4,0,0,0,0,0,0,0,Fitzroy FC,FC Carlton Heart,3,3,1,2024,2,9,4,3,0,3,0
147830,627,19,20,2/16/2024,11,1,5,0,0,0,0,0,0,0,Altona Knights FC,Western United FC,9,1,1,2024,2,16,4,5,4,3,0
147831,627,18,331,2/16/2024,11,1,5,0,0,0,0,0,0,0,Moreland Blues FC,Hume FC,8,8,1,2024,2,16,4,8,0,3,0
147832,627,17,355,2/16/2024,11,1,5,0,0,0,0,0,0,0,Fitzroy FC,Western City FC ,3,1,1,2024,2,16,4,2,1,3,0
147834,627,17,19,2/23/2024,11,1,6,0,0,0,0,0,0,0,Fitzroy FC,Altona Knights FC,1,1,1,2024,2,23,4,1,0,3,0
147835,627,355,20,2/23/2024,11,1,6,0,0,0,0,0,0,0,Western City FC ,Western United FC,5,1,1,2024,2,23,4,3,2,3,0
147836,627,18,22,2/23/2024,11,1,6,0,0,0,0,0,0,0,Moreland Blues FC,FC Carlton Heart,7,3,1,2024,2,23,4,5,2,3,0
147838,627,22,20,3/1/2024,11,1,7,0,0,0,0,0,0,0,FC Carlton Heart,Western United FC,8,6,0,2024,3,1,4,1,7,0,3
147839,627,18,17,3/1/2024,11,1,7,0,0,0,0,0,0,0,Moreland Blues FC,Fitzroy FC,7,1,0,2024,3,1,4,3,4,0,3
147840,627,331,19,3/1/2024,11,1,7,0,0,0,0,0,0,0,Hume FC,Altona Knights FC,7,1,1,2024,3,1,4,4,3,3,0
147842,627,331,22,3/8/2024,11,1,8,0,0,0,0,0,0,0,Hume FC,FC Carlton Heart,10,2,1,2024,3,8,4,6,4,3,0
147843,627,355,19,3/8/2024,11,1,8,0,0,0,0,0,0,0,Western City FC ,Altona Knights FC,7,1,1,2024,3,8,4,4,3,3,0
147844,627,20,17,3/8/2024,11,1,8,0,0,0,0,0,0,0,Western United FC,Fitzroy FC,12,4,0,2024,3,8,4,4,8,0,3
147846,627,22,19,3/15/2024,11,1,9,0,0,0,0,0,0,0,FC Carlton Heart,Altona Knights FC,5,1,1,2024,3,15,4,3,2,0,0
147847,627,355,18,3/15/2024,11,1,9,0,0,0,0,0,0,0,Western City FC ,Moreland Blues FC,9,3,0,2024,3,15,4,3,6,0,3
147848,627,17,331,3/15/2024,11,1,9,0,0,0,0,0,0,0,Fitzroy FC,Hume FC,7,3,1,2024,3,15,4,5,2,3,0
147850,627,355,22,3/22/2024,11,1,10,0,0,0,0,0,0,0,Western City FC ,FC Carlton Heart,9,1,0,2024,3,22,4,4,5,0,0
147851,627,19,18,3/22/2024,11,1,10,0,0,0,0,0,0,0,Altona Knights FC,Moreland Blues FC,6,4,0,2024,3,22,4,1,5,0,3
147852,627,331,20,3/22/2024,11,1,10,0,0,0,0,0,0,0,Hume FC,Western United FC,9,1,1,2024,3,22,4,5,4,0,0
147854,627,18,20,4/5/2024,11,1,11,0,0,0,0,0,0,0,Moreland Blues FC,Western United FC,7,3,1,2024,4,5,4,5,2,3,0
147855,627,22,17,4/5/2024,11,1,11,0,0,0,0,0,0,0,FC Carlton Heart,Fitzroy FC,14,6,0,2024,4,5,4,4,10,0,3
147856,627,331,355,4/5/2024,11,1,11,0,0,0,0,0,0,0,Hume FC,Western City FC ,3,1,1,2024,4,5,4,2,1,3,0
147858,627,19,20,4/12/2024,11,1,12,0,0,0,0,0,0,0,Altona Knights FC,Western United FC,11,3,1,2024,4,12,4,7,4,3,0
147859,627,355,17,4/12/2024,11,1,12,0,0,0,0,0,0,0,Western City FC ,Fitzroy FC,8,4,0,2024,4,12,4,2,6,0,3
147860,627,331,18,4/12/2024,11,1,12,0,0,0,0,0,0,0,Hume FC,Moreland Blues FC,6,2,0,2024,4,12,4,2,4,0,3
147862,627,22,18,4/19/2024,11,1,13,0,0,0,0,0,0,0,FC Carlton Heart,Moreland Blues FC,11,3,0,2024,4,19,4,4,7,0,3
147863,627,20,355,4/19/2024,11,1,13,0,0,0,0,0,0,0,Western United FC,Western City FC ,9,1,1,2024,4,19,4,5,4,3,0
147864,627,19,17,4/19/2024,11,1,13,0,0,0,0,0,0,0,Altona Knights FC,Fitzroy FC,7,3,0,2024,4,19,4,2,5,0,3
147866,627,331,19,4/26/2024,11,1,14,0,0,0,0,0,0,0,Hume FC,Altona Knights FC,10,2,0,2024,4,26,4,4,6,0,3
147867,627,18,17,4/26/2024,11,1,14,0,0,0,0,0,0,0,Moreland Blues FC,Fitzroy FC,3,1,0,2024,4,26,4,1,2,0,0
147868,627,22,20,4/26/2024,11,1,14,0,0,0,0,0,0,0,FC Carlton Heart,Western United FC,9,9,0,2024,4,26,4,0,9,0,3
147870,627,19,355,5/3/2024,11,1,15,0,0,0,0,0,0,0,Altona Knights FC,Western City FC ,5,1,0,2024,5,3,4,2,3,0,3
147871,627,17,20,5/3/2024,11,1,15,0,0,0,0,0,0,0,Fitzroy FC,Western United FC,9,7,1,2024,5,3,4,8,1,3,0
147872,627,22,331,5/3/2024,11,1,15,0,0,0,0,0,0,0,FC Carlton Heart,Hume FC,10,2,0,2024,5,3,4,4,6,0,3
147874,627,18,355,5/10/2024,11,1,16,0,0,0,0,0,0,0,Moreland Blues FC,Western City FC ,7,7,1,2024,5,10,4,7,0,3,0
147875,627,331,17,5/10/2024,11,1,16,0,0,0,0,0,0,0,Hume FC,Fitzroy FC,11,5,0,2024,5,10,4,3,8,0,3
147876,627,19,22,5/10/2024,11,1,16,0,0,0,0,0,0,0,Altona Knights FC,FC Carlton Heart,9,5,1,2024,5,10,4,7,2,3,0
147878,627,22,355,5/17/2024,11,1,17,0,0,0,0,0,0,0,FC Carlton Heart,Western City FC ,5,3,0,2024,5,17,4,1,4,0,3
147879,627,18,19,5/17/2024,11,1,17,0,0,0,0,0,0,0,Moreland Blues FC,Altona Knights FC,9,1,1,2024,5,17,4,5,4,3,0
147880,627,20,331,5/17/2024,11,1,17,0,0,0,0,0,0,0,Western United FC,Hume FC,10,2,0,2024,5,17,4,4,6,0,3
147882,627,17,22,5/24/2024,11,1,18,0,0,0,0,0,0,0,Fitzroy FC,FC Carlton Heart,14,14,1,2024,5,24,4,14,0,3,0
147883,627,18,20,5/24/2024,11,1,18,0,0,0,0,0,0,0,Moreland Blues FC,Western United FC,11,1,0,2024,5,24,4,5,6,0,3
147884,627,355,331,5/24/2024,11,1,18,0,0,0,0,0,0,0,Western City FC ,Hume FC,7,1,1,2024,5,24,4,4,3,3,0
147886,627,19,20,5/31/2024,11,1,19,0,0,0,0,0,0,0,Altona Knights FC,Western United FC,10,2,1,2024,5,31,4,6,4,3,0
147887,627,17,355,5/31/2024,11,1,19,0,0,0,0,0,0,0,Fitzroy FC,Western City FC ,9,7,1,2024,5,31,4,8,1,3,0
147888,627,18,331,5/31/2024,11,1,19,0,0,0,0,0,0,0,Moreland Blues FC,Hume FC,11,7,1,2024,5,31,4,9,2,3,0
147890,627,18,22,6/7/2024,11,1,20,0,0,0,0,0,0,0,Moreland Blues FC,FC Carlton Heart,10,2,1,2024,6,7,4,6,4,3,0
147891,627,355,20,6/7/2024,11,1,20,0,0,0,0,0,0,0,Western City FC ,Western United FC,9,7,1,2024,6,7,4,8,1,3,0
147892,627,17,19,6/7/2024,11,1,20,0,0,0,0,0,0,0,Fitzroy FC,Altona Knights FC,22,10,1,2024,6,7,4,16,6,3,0
147894,627,18,17,6/14/2024,11,1,21,0,0,0,0,0,0,0,Moreland Blues FC,Fitzroy FC,1,1,0,2024,6,14,4,0,1,0,3
147895,627,22,20,6/14/2024,11,1,21,0,0,0,0,0,0,0,FC Carlton Heart,Western United FC,16,4,0,2024,6,14,4,6,10,0,3
147896,627,331,19,6/14/2024,11,1,21,0,0,0,0,0,0,0,Hume FC,Altona Knights FC,12,2,0,2024,6,14,4,5,7,0,3
174671,725,20,17,7/19/2024,11,1,1,0,0,0,0,0,0,0,Western United FC,Fitzroy FC,5,3,0,2024,7,19,4,1,4,0,3
174672,725,19,18,7/19/2024,11,1,1,0,0,0,0,0,0,0,Altona Knights FC,Moreland Blues FC,7,5,0,2024,7,19,4,1,6,0,3
174673,725,331,355,7/19/2024,11,1,1,0,0,0,0,0,0,0,Hume FC,Western City FC ,13,1,1,2024,7,19,4,7,6,3,0
174675,725,19,331,7/26/2024,11,1,2,0,0,0,0,0,0,0,Altona Knights FC,Hume FC,7,1,1,2024,7,26,4,4,3,3,0
174676,725,16,355,7/26/2024,11,1,2,0,0,0,0,0,0,0,Pascoe Vale FC,Western City FC ,9,7,1,2024,7,26,4,8,1,3,0
174677,725,20,18,7/26/2024,11,1,2,0,0,0,0,0,0,0,Western United FC,Moreland Blues FC,9,7,0,2024,7,26,4,1,8,0,3
174679,725,19,20,8/2/2024,11,1,3,0,0,0,0,0,0,0,Altona Knights FC,Western United FC,8,2,0,2024,8,2,4,3,5,0,3
174680,725,17,355,8/2/2024,11,1,3,0,0,0,0,0,0,0,Fitzroy FC,Western City FC ,8,2,1,2024,8,2,4,5,3,3,0
174681,725,16,331,8/2/2024,11,1,3,0,0,0,0,0,0,0,Pascoe Vale FC,Hume FC,5,3,0,2024,8,2,4,1,4,0,3
174683,725,355,18,8/9/2024,11,1,4,0,0,0,0,0,0,0,Western City FC ,Moreland Blues FC,5,1,0,2024,8,9,4,2,3,0,3
174684,725,17,331,8/9/2024,11,1,4,0,0,0,0,0,0,0,Fitzroy FC,Hume FC,7,5,1,2024,8,9,4,6,1,3,0
174685,725,19,16,8/9/2024,11,1,4,0,0,0,0,0,0,0,Altona Knights FC,Pascoe Vale FC,15,7,0,2024,8,9,4,4,11,0,3
174687,725,355,20,8/16/2024,11,1,5,0,0,0,0,0,0,0,Western City FC ,Western United FC,12,6,0,2024,8,16,4,3,9,0,3
174688,725,18,331,8/16/2024,11,1,5,0,0,0,0,0,0,0,Moreland Blues FC,Hume FC,6,2,1,2024,8,16,4,4,2,3,0
174689,725,17,16,8/16/2024,11,1,5,0,0,0,0,0,0,0,Fitzroy FC,Pascoe Vale FC,7,1,1,2024,8,16,4,4,3,3,0
174691,725,19,17,8/23/2024,11,1,6,0,0,0,0,0,0,0,Altona Knights FC,Fitzroy FC,15,9,0,2024,8,23,4,3,12,0,3
174692,725,331,20,8/23/2024,11,1,6,0,0,0,0,0,0,0,Hume FC,Western United FC,7,5,0,2024,8,23,4,1,6,0,3
174693,725,18,16,8/23/2024,11,1,6,0,0,0,0,0,0,0,Moreland Blues FC,Pascoe Vale FC,7,1,1,2024,8,23,4,4,3,3,0
174695,725,19,355,8/30/2024,11,1,7,0,0,0,0,0,0,0,Altona Knights FC,Western City FC ,10,2,0,2024,8,30,4,4,6,0,3
174696,725,20,16,8/30/2024,11,1,7,0,0,0,0,0,0,0,Western United FC,Pascoe Vale FC,5,1,1,2024,8,30,4,3,2,0,0
174697,725,18,17,8/30/2024,11,1,7,0,0,0,0,0,0,0,Moreland Blues FC,Fitzroy FC,6,4,0,2024,8,30,4,1,5,0,3
174699,725,17,20,9/6/2024,11,1,8,0,0,0,0,0,0,0,Fitzroy FC,Western United FC,6,2,1,2024,9,6,4,4,2,3,0
174700,725,18,19,9/6/2024,11,1,8,0,0,0,0,0,0,0,Moreland Blues FC,Altona Knights FC,7,5,1,2024,9,6,4,6,1,3,0
174701,725,355,331,9/6/2024,11,1,8,0,0,0,0,0,0,0,Western City FC ,Hume FC,8,4,0,2024,9,6,4,2,6,0,3
174703,725,355,16,9/13/2024,11,1,9,0,0,0,0,0,0,0,Western City FC ,Pascoe Vale FC,9,7,0,2024,9,13,4,1,8,0,3
174704,725,331,19,9/13/2024,11,1,9,0,0,0,0,0,0,0,Hume FC,Altona Knights FC,10,2,0,2024,9,13,4,4,6,0,3
174705,725,18,20,9/13/2024,11,1,9,0,0,0,0,0,0,0,Moreland Blues FC,Western United FC,5,1,0,2024,9,13,4,2,3,0,0
174707,725,20,19,9/20/2024,11,1,10,0,0,0,0,0,0,0,Western United FC,Altona Knights FC,7,1,0,2024,9,20,4,3,4,0,0
174708,725,331,16,9/20/2024,11,1,10,0,0,0,0,0,0,0,Hume FC,Pascoe Vale FC,9,5,0,2024,9,20,4,2,7,0,3
174709,725,355,17,9/20/2024,11,1,10,0,0,0,0,0,0,0,Western City FC ,Fitzroy FC,5,3,0,2024,9,20,4,1,4,0,3
174711,725,331,17,9/27/2024,11,1,11,0,0,0,0,0,0,0,Hume FC,Fitzroy FC,9,3,0,2024,9,27,4,3,6,0,3
174712,725,18,355,9/27/2024,11,1,11,0,0,0,0,0,0,0,Moreland Blues FC,Western City FC ,12,4,1,2024,9,27,4,8,4,3,0
174713,725,16,19,9/27/2024,11,1,11,0,0,0,0,0,0,0,Pascoe Vale FC,Altona Knights FC,15,1,1,2024,9,27,4,8,7,3,0
174715,725,20,355,10/4/2024,11,1,12,0,0,0,0,0,0,0,Western United FC,Western City FC ,6,2,1,2024,10,4,4,4,2,3,0
174716,725,331,18,10/4/2024,11,1,12,0,0,0,0,0,0,0,Hume FC,Moreland Blues FC,7,3,0,2024,10,4,4,2,5,0,3
174717,725,16,17,10/4/2024,11,1,12,0,0,0,0,0,0,0,Pascoe Vale FC,Fitzroy FC,13,7,0,2024,10,4,4,3,10,0,3
174719,725,20,331,10/11/2024,11,1,13,0,0,0,0,0,0,0,Western United FC,Hume FC,14,4,0,2024,10,11,4,5,9,0,3
174720,725,17,19,10/11/2024,11,1,13,0,0,0,0,0,0,0,Fitzroy FC,Altona Knights FC,9,3,1,2024,10,11,4,6,3,3,0
174721,725,16,18,10/11/2024,11,1,13,0,0,0,0,0,0,0,Pascoe Vale FC,Moreland Blues FC,10,4,0,2024,10,11,4,3,7,0,3
174723,725,355,19,10/18/2024,11,1,14,0,0,0,0,0,0,0,Western City FC ,Altona Knights FC,10,2,0,2024,10,18,4,4,6,0,3
174724,725,16,20,10/18/2024,11,1,14,0,0,0,0,0,0,0,Pascoe Vale FC,Western United FC,6,2,1,2024,10,18,4,4,2,3,0
174725,725,17,18,10/18/2024,11,1,14,0,0,0,0,0,0,0,Fitzroy FC,Moreland Blues FC,7,1,1,2024,10,18,4,4,3,0,0
174727,725,20,17,10/25/2024,11,1,15,0,0,0,0,0,0,0,Western United FC,Fitzroy FC,8,4,0,2024,10,25,4,2,6,0,3
174728,725,331,355,10/25/2024,11,1,15,0,0,0,0,0,0,0,Hume FC,Western City FC ,11,1,0,2024,10,25,4,5,6,0,3
174729,725,19,18,10/25/2024,11,1,15,0,0,0,0,0,0,0,Altona Knights FC,Moreland Blues FC,17,11,0,2024,10,25,4,3,14,0,3
174731,725,16,355,11/1/2024,11,1,16,0,0,0,0,0,0,0,Pascoe Vale FC,Western City FC ,9,1,1,2024,11,1,4,5,4,0,0
174732,725,19,331,11/1/2024,11,1,16,0,0,0,0,0,0,0,Altona Knights FC,Hume FC,7,7,0,2024,11,1,4,0,7,0,3
174733,725,20,18,11/1/2024,11,1,16,0,0,0,0,0,0,0,Western United FC,Moreland Blues FC,5,3,0,2024,11,1,4,1,4,0,3
174735,725,19,20,11/8/2024,11,1,17,0,0,0,0,0,0,0,Altona Knights FC,Western United FC,7,3,0,2024,11,8,4,2,5,0,3
174736,725,17,355,11/8/2024,11,1,17,0,0,0,0,0,0,0,Fitzroy FC,Western City FC ,12,2,1,2024,11,8,4,7,5,3,0
174737,725,16,331,11/8/2024,11,1,17,0,0,0,0,0,0,0,Pascoe Vale FC,Hume FC,9,1,1,2024,11,8,4,5,4,3,0
174739,725,19,16,11/15/2024,11,1,18,0,0,0,0,0,0,0,Altona Knights FC,Pascoe Vale FC,9,3,0,2024,11,15,4,3,6,0,3
174740,725,355,18,11/15/2024,11,1,18,0,0,0,0,0,0,0,Western City FC ,Moreland Blues FC,13,5,0,2024,11,15,4,4,9,0,3
174741,725,17,331,11/15/2024,11,1,18,0,0,0,0,0,0,0,Fitzroy FC,Hume FC,5,3,1,2024,11,15,4,4,1,3,0
174743,725,18,331,11/22/2024,11,1,19,0,0,0,0,0,0,0,Moreland Blues FC,Hume FC,9,1,1,2024,11,22,4,5,4,3,0
174744,725,355,20,11/22/2024,11,1,19,0,0,0,0,0,0,0,Western City FC ,Western United FC,7,3,1,2024,11,22,4,5,2,3,0
174745,725,17,16,11/22/2024,11,1,19,0,0,0,0,0,0,0,Fitzroy FC,Pascoe Vale FC,6,4,1,2024,11,22,4,5,1,3,0
174747,725,19,17,11/29/2024,11,1,20,0,0,0,0,0,0,0,Altona Knights FC,Fitzroy FC,12,8,0,2024,11,29,4,2,10,0,3
174748,725,331,20,11/29/2024,11,1,20,0,0,0,0,0,0,0,Hume FC,Western United FC,4,4,1,2024,11,29,4,4,0,3,0
174749,725,18,16,11/29/2024,11,1,20,0,0,0,0,0,0,0,Moreland Blues FC,Pascoe Vale FC,7,1,1,2024,11,29,4,4,3,3,0
174751,725,18,17,12/6/2024,11,1,21,0,0,0,0,0,0,0,Moreland Blues FC,Fitzroy FC,7,3,0,2024,12,6,4,2,5,0,3
174752,725,20,16,12/6/2024,11,1,21,0,0,0,0,0,0,0,Western United FC,Pascoe Vale FC,7,1,1,2024,12,6,4,4,3,3,0
174753,725,19,355,12/6/2024,11,1,21,0,0,0,0,0,0,0,Altona Knights FC,Western City FC ,5,3,1,2024,12,6,4,4,1,3,0
215797,878,17,331,1/31/2025,12,1,1,1,0,0,0,0,0,0,Fitzroy FC,Hume FC,4,4,1,2025,1,31,4,4,0,3,0
215798,878,18,22,1/31/2025,12,1,1,0,0,0,0,0,0,0,Moreland Blues FC,FC Carlton Heart,11,11,1,2025,1,31,4,11,0,3,0
215799,878,20,19,1/31/2025,12,1,1,1,0,0,0,0,0,0,Western United FC,Altona Knights FC,12,0,1,2025,1,31,4,6,6,1,1
215801,878,20,22,2/7/2025,12,1,2,0,0,0,0,0,0,0,Western United FC,FC Carlton Heart,13,7,1,2025,2,7,4,10,3,3,0
215802,878,16,19,2/7/2025,12,1,2,0,0,0,0,0,0,0,Pascoe Vale FC,Altona Knights FC,11,7,1,2025,2,7,4,9,2,3,0
215803,878,18,331,2/7/2025,12,1,2,0,0,0,0,0,0,0,Moreland Blues FC,Hume FC,9,9,1,2025,2,7,4,9,0,3,0
215805,878,17,19,2/14/2025,12,1,3,0,0,0,0,0,0,0,Fitzroy FC,Altona Knights FC,16,14,1,2025,2,14,4,15,1,3,0
215806,878,331,20,2/14/2025,12,1,3,0,0,0,0,0,0,0,Hume FC,Western United FC,8,6,0,2025,2,14,4,1,7,0,3
215807,878,16,22,2/14/2025,12,1,3,0,0,0,0,0,0,0,Pascoe Vale FC,FC Carlton Heart,24,8,1,2025,2,14,4,16,8,3,0
215809,878,22,17,2/21/2025,12,1,4,0,0,0,0,0,0,0,FC Carlton Heart,Fitzroy FC,22,18,0,2025,2,21,4,2,20,0,3
215810,878,16,331,2/21/2025,12,1,4,0,0,0,0,0,0,0,Pascoe Vale FC,Hume FC,5,1,1,2025,2,21,4,3,2,3,0
215811,878,18,19,2/21/2025,12,1,4,0,0,0,0,0,0,0,Moreland Blues FC,Altona Knights FC,6,6,1,2025,2,21,4,6,0,3,0
215813,878,22,329,2/28/2025,12,1,5,0,0,0,0,0,0,0,FC Carlton Heart,Melbourne AKU FC,13,9,0,2025,2,28,4,2,11,0,3
215814,878,17,18,2/28/2025,12,1,5,0,0,0,0,0,0,0,Fitzroy FC,Moreland Blues FC,1,1,0,2025,2,28,4,0,1,0,3
215815,878,20,16,2/28/2025,12,1,5,1,0,0,0,0,0,0,Western United FC,Pascoe Vale FC,4,0,1,2025,2,28,4,2,2,1,1
215817,878,18,20,3/7/2025,12,1,6,0,0,0,0,0,0,0,Moreland Blues FC,Western United FC,3,3,1,2025,3,7,4,3,0,3,0
215818,878,16,17,3/7/2025,12,1,6,0,0,0,0,0,0,0,Pascoe Vale FC,Fitzroy FC,8,4,0,2025,3,7,4,2,6,0,3
215819,878,331,329,3/7/2025,12,1,6,0,0,0,0,0,0,0,Hume FC,Melbourne AKU FC,6,4,0,2025,3,7,4,1,5,0,3
215821,878,17,20,3/14/2025,12,1,7,0,0,0,0,0,0,0,Fitzroy FC,Western United FC,13,1,0,2025,3,14,4,6,7,0,3
215822,878,18,16,3/14/2025,12,1,7,0,0,0,0,0,0,0,Moreland Blues FC,Pascoe Vale FC,8,4,1,2025,3,14,4,6,2,3,0
215823,878,331,22,3/14/2025,12,1,7,1,0,0,0,0,0,0,Hume FC,FC Carlton Heart,14,0,1,2025,3,14,4,7,7,1,1
217712,878,18,22,3/21/2025,11,1,8,0,0,0,0,0,0,0,Moreland Blues FC,FC Carlton Heart,17,5,1,2025,3,21,4,11,6,3,0
217713,878,20,329,3/21/2025,11,1,8,0,0,0,0,0,0,0,Western United FC,Melbourne AKU FC,6,2,1,2025,3,21,4,4,2,3,0
217714,878,17,331,3/21/2025,11,1,8,0,0,0,0,0,0,0,Fitzroy FC,Hume FC,8,2,1,2025,3,21,4,5,3,3,0
217716,878,22,20,3/28/2025,11,1,9,0,0,0,0,0,0,0,FC Carlton Heart,Western United FC,6,4,0,2025,3,28,4,1,5,0,3
217717,878,18,331,3/28/2025,11,1,9,0,0,0,0,0,0,0,Moreland Blues FC,Hume FC,10,8,1,2025,3,28,4,9,1,3,0
217718,878,16,329,3/28/2025,11,1,9,0,0,0,0,0,0,0,Pascoe Vale FC,Melbourne AKU FC,9,3,1,2025,3,28,4,6,3,3,0
217720,878,331,329,4/4/2025,11,1,10,0,0,0,0,0,0,0,Hume FC,Melbourne AKU FC,9,1,1,2025,4,4,4,5,4,3,0
217721,878,17,16,4/4/2025,11,1,10,0,0,0,0,0,0,0,Fitzroy FC,Pascoe Vale FC,6,2,0,2025,4,4,4,2,4,0,3
217722,878,18,20,4/4/2025,11,1,10,0,0,0,0,0,0,0,Moreland Blues FC,Western United FC,7,1,1,2025,4,4,4,4,3,3,0
217724,878,17,329,4/11/2025,11,1,11,0,0,0,0,0,0,0,Fitzroy FC,Melbourne AKU FC,10,6,1,2025,4,11,4,8,2,3,0
217725,878,20,331,4/11/2025,11,1,11,0,0,0,0,0,0,0,Western United FC,Hume FC,6,2,1,2025,4,11,4,4,2,3,0
217726,878,22,16,4/11/2025,11,1,11,0,0,0,0,0,0,0,FC Carlton Heart,Pascoe Vale FC,11,9,0,2025,4,11,4,1,10,0,3
217728,878,20,17,5/2/2025,11,1,12,0,0,0,0,0,0,0,Western United FC,Fitzroy FC,7,3,0,2025,5,2,4,2,5,0,3
217729,878,16,18,5/2/2025,11,1,12,0,0,0,0,0,0,0,Pascoe Vale FC,Moreland Blues FC,13,5,0,2025,5,2,4,4,9,0,3
217730,878,331,22,5/2/2025,11,1,12,0,0,0,0,0,0,0,Hume FC,FC Carlton Heart,8,4,1,2025,5,2,4,6,2,3,0
217732,878,17,22,5/9/2025,11,1,13,0,0,0,0,0,0,0,Fitzroy FC,FC Carlton Heart,25,19,1,2025,5,9,4,22,3,3,0
217733,878,331,16,5/9/2025,11,1,13,0,0,0,0,0,0,0,Hume FC,Pascoe Vale FC,7,1,1,2025,5,9,4,4,3,3,0
217734,878,18,329,5/9/2025,11,1,13,0,0,0,0,0,0,0,Moreland Blues FC,Melbourne AKU FC,11,5,1,2025,5,9,4,8,3,3,0
217736,878,329,22,5/16/2025,11,1,14,0,0,0,0,0,0,0,Melbourne AKU FC,FC Carlton Heart,7,1,0,2025,5,16,4,3,4,0,3
217737,878,17,18,5/16/2025,11,1,14,1,0,0,0,0,0,0,Fitzroy FC,Moreland Blues FC,6,0,1,2025,5,16,4,3,3,1,1
217738,878,20,16,5/16/2025,11,1,14,0,0,0,0,0,0,0,Western United FC,Pascoe Vale FC,7,1,0,2025,5,16,4,3,4,0,3
228336,878,18,331,5/23/2025,11,1,15,0,0,0,0,0,0,0,Moreland Blues FC,Hume FC,4,4,1,2025,5,23,4,4,0,3,0
228337,878,16,329,5/23/2025,11,1,15,0,0,0,0,0,0,0,Pascoe Vale FC,Melbourne AKU FC,5,1,1,2025,5,23,4,3,2,3,0
228338,878,20,22,5/23/2025,11,1,15,0,0,0,0,0,0,0,Western United FC,FC Carlton Heart,8,6,1,2025,5,23,4,7,1,3,0
228340,878,22,16,5/30/2025,11,1,16,0,0,0,0,0,0,0,FC Carlton Heart,Pascoe Vale FC,14,4,0,2025,5,30,4,5,9,0,3
228341,878,331,20,5/30/2025,11,1,16,0,0,0,0,0,0,0,Hume FC,Western United FC,7,7,1,2025,5,30,4,7,0,3,0
228342,878,329,17,5/30/2025,11,1,16,0,0,0,0,0,0,0,Melbourne AKU FC,Fitzroy FC,8,6,0,2025,5,30,4,1,7,0,3
228344,878,17,22,6/6/2025,11,1,17,0,0,0,0,0,0,0,Fitzroy FC,FC Carlton Heart,15,13,1,2025,6,6,4,14,1,3,0
228345,878,16,331,6/6/2025,11,1,17,0,0,0,0,0,0,0,Pascoe Vale FC,Hume FC,3,3,1,2025,6,6,4,3,0,3,0
228346,878,18,329,6/6/2025,11,1,17,0,0,0,0,0,0,0,Moreland Blues FC,Melbourne AKU FC,17,11,1,2025,6,6,4,14,3,3,0
228348,878,20,17,6/13/2025,11,1,18,0,0,0,0,0,0,0,Western United FC,Fitzroy FC,9,5,0,2025,6,13,4,2,7,0,3
228349,878,18,16,6/13/2025,11,1,18,0,0,0,0,0,0,0,Moreland Blues FC,Pascoe Vale FC,5,3,0,2025,6,13,4,1,4,0,3
228350,878,331,22,6/13/2025,11,1,18,0,0,0,0,0,0,0,Hume FC,FC Carlton Heart,18,14,1,2025,6,13,4,16,2,3,0
228352,878,22,18,6/20/2025,11,1,19,0,0,0,0,0,0,0,FC Carlton Heart,Moreland Blues FC,24,18,0,2025,6,20,4,3,21,0,3
228353,878,331,17,6/20/2025,11,1,19,0,0,0,0,0,0,0,Hume FC,Fitzroy FC,6,4,0,2025,6,20,4,1,5,0,3
228354,878,329,20,6/20/2025,11,1,19,0,0,0,0,0,0,0,Melbourne AKU FC,Western United FC,9,1,1,2025,6,20,4,5,4,3,0
228356,878,329,22,6/27/2025,11,1,20,0,0,0,0,0,0,0,Melbourne AKU FC,FC Carlton Heart,11,3,1,2025,6,27,4,7,4,3,0
228357,878,17,18,6/27/2025,11,1,20,1,0,0,0,0,0,0,Fitzroy FC,Moreland Blues FC,6,0,1,2025,6,27,4,3,3,1,1
228358,878,20,16,6/27/2025,11,1,20,1,0,0,0,0,0,0,Western United FC,Pascoe Vale FC,10,0,1,2025,6,27,4,5,5,1,1
228360,878,329,331,7/4/2025,11,1,21,0,0,0,0,0,0,0,Melbourne AKU FC,Hume FC,6,4,1,2025,7,4,4,5,1,3,0
228361,878,16,17,7/4/2025,11,1,21,0,0,0,0,0,0,0,Pascoe Vale FC,Fitzroy FC,7,3,0,2025,7,4,4,2,5,0,3
228362,878,18,20,7/4/2025,11,1,21,0,0,0,0,0,0,0,Moreland Blues FC,Western United FC,15,1,1,2025,7,4,4,8,7,3,0
234582,948,17,329,8/15/2025,12,1,1,0,0,0,0,0,0,0,Fitzroy FC,Melbourne AKU FC,11,5,1,2025,8,15,4,8,3,3,0
234583,948,331,343,8/15/2025,12,1,1,0,0,0,0,0,0,0,Hume FC,Northern Phoenix FC,7,5,0,2025,8,15,4,1,6,0,3
234584,948,344,16,8/15/2025,12,1,1,0,0,0,0,0,0,0,Thornbury Utd FC ,Pascoe Vale FC,9,1,1,2025,8,15,4,5,4,3,0
234586,948,343,18,8/22/2025,12,1,2,0,0,0,0,0,0,0,Northern Phoenix FC,Moreland Blues FC,14,12,0,2025,8,22,4,1,13,0,3
234587,948,17,331,8/22/2025,12,1,2,0,0,0,0,0,0,0,Fitzroy FC,Hume FC,9,7,1,2025,8,22,4,8,1,3,0
234588,948,329,344,8/22/2025,12,1,2,0,0,0,0,0,0,0,Melbourne AKU FC,Thornbury Utd FC ,9,1,1,2025,8,22,4,5,4,3,0
234590,948,344,331,8/29/2025,12,1,3,1,0,0,0,0,0,0,Thornbury Utd FC ,Hume FC,9,1,0,2025,8,29,4,4,5,0,3
234591,948,16,17,8/29/2025,12,1,3,0,0,0,0,0,0,0,Pascoe Vale FC,Fitzroy FC,7,5,0,2025,8,29,4,1,6,0,3
234592,948,18,329,8/29/2025,12,1,3,1,0,0,0,0,0,0,Moreland Blues FC,Melbourne AKU FC,8,0,1,2025,8,29,4,4,4,1,1
234594,948,17,343,9/5/2025,12,1,4,0,0,0,0,0,0,0,Fitzroy FC,Northern Phoenix FC,15,1,1,2025,9,5,4,8,7,3,0
234595,948,18,331,9/5/2025,12,1,4,0,0,0,0,0,0,0,Moreland Blues FC,Hume FC,10,2,1,2025,9,5,4,6,4,3,0
234596,948,329,16,9/5/2025,12,1,4,0,0,0,0,0,0,0,Melbourne AKU FC,Pascoe Vale FC,5,3,0,2025,9,5,4,1,4,0,3
234598,948,343,329,9/12/2025,12,1,5,0,0,0,0,0,0,0,Northern Phoenix FC,Melbourne AKU FC,10,2,0,2025,9,12,4,4,6,0,3
234599,948,18,16,9/12/2025,12,1,5,0,0,0,0,0,0,0,Moreland Blues FC,Pascoe Vale FC,10,4,0,2025,9,12,4,3,7,0,3
234600,948,344,17,9/12/2025,12,1,5,0,0,0,0,0,0,0,Thornbury Utd FC ,Fitzroy FC,5,5,0,2025,9,12,4,0,5,0,3
234602,948,344,18,9/19/2025,12,1,6,0,0,0,0,0,0,0,Thornbury Utd FC ,Moreland Blues FC,9,7,0,2025,9,19,4,1,8,0,3
234603,948,329,331,9/19/2025,12,1,6,0,0,0,0,0,0,0,Melbourne AKU FC,Hume FC,11,5,1,2025,9,19,4,8,3,3,0
234604,948,16,343,9/19/2025,12,1,6,1,0,0,0,0,0,0,Pascoe Vale FC,Northern Phoenix FC,6,0,1,2025,9,19,4,3,3,1,1
234606,948,344,343,10/3/2025,12,1,7,0,0,0,0,0,0,0,Thornbury Utd FC ,Northern Phoenix FC,9,1,1,2025,10,3,4,5,4,3,0
234607,948,18,17,10/3/2025,12,1,7,1,0,0,0,0,0,0,Moreland Blues FC,Fitzroy FC,10,0,1,2025,10,3,4,5,5,1,1
234608,948,331,16,10/3/2025,12,1,7,1,0,0,0,0,0,0,Hume FC,Pascoe Vale FC,4,0,1,2025,10,3,4,2,2,1,1
234610,948,343,18,10/10/2025,12,1,8,0,0,0,0,0,0,0,Northern Phoenix FC,Moreland Blues FC,15,11,0,2025,10,10,4,2,13,0,3
234611,948,331,17,10/10/2025,12,1,8,0,0,0,0,0,0,0,Hume FC,Fitzroy FC,6,4,0,2025,10,10,4,1,5,0,3
234612,948,16,329,10/10/2025,12,1,8,0,0,0,0,0,0,0,Pascoe Vale FC,Melbourne AKU FC,8,2,1,2025,10,10,4,5,3,3,0
234614,948,331,16,10/17/2025,12,1,9,1,0,0,0,0,0,0,Hume FC,Pascoe Vale FC,8,0,1,2025,10,17,4,4,4,1,1
234615,948,17,329,10/17/2025,12,1,9,0,0,0,0,0,0,0,Fitzroy FC,Melbourne AKU FC,3,1,1,2025,10,17,4,2,1,3,0
234616,948,344,343,10/17/2025,12,1,9,0,0,0,0,0,0,0,Thornbury Utd FC ,Northern Phoenix FC,10,6,0,2025,10,17,4,2,8,0,3
234618,948,18,331,10/24/2025,12,1,10,0,0,0,0,0,0,0,Moreland Blues FC,Hume FC,7,1,1,2025,10,24,4,4,3,3,0
234619,948,16,343,10/24/2025,12,1,10,0,0,0,0,0,0,0,Pascoe Vale FC,Northern Phoenix FC,9,3,1,2025,10,24,4,6,3,3,0
234620,948,344,329,10/24/2025,12,1,10,0,0,0,0,0,0,0,Thornbury Utd FC ,Melbourne AKU FC,6,2,0,2025,10,24,4,2,4,0,3
234622,948,344,17,10/31/2025,12,1,11,0,0,0,0,0,0,0,Thornbury Utd FC ,Fitzroy FC,15,9,0,2025,10,31,4,3,12,0,3
234623,948,18,16,10/31/2025,12,1,11,0,0,0,0,0,0,0,Moreland Blues FC,Pascoe Vale FC,8,2,1,2025,10,31,4,5,3,3,0
234624,948,329,331,10/31/2025,12,1,11,0,0,0,0,0,0,0,Melbourne AKU FC,Hume FC,5,5,0,2025,10,31,4,0,5,0,3
234626,948,344,331,11/7/2025,12,1,12,0,0,0,0,0,0,0,Thornbury Utd FC ,Hume FC,2,2,0,2025,11,7,4,0,2,0,3
234627,948,18,329,11/7/2025,12,1,12,0,0,0,0,0,0,0,Moreland Blues FC,Melbourne AKU FC,11,5,0,2025,11,7,4,3,8,0,3
234628,948,17,343,11/7/2025,12,1,12,0,0,0,0,0,0,0,Fitzroy FC,Northern Phoenix FC,15,11,1,2025,11,7,4,13,2,3,0
234630,948,344,18,11/14/2025,12,1,13,0,0,0,0,0,0,0,Thornbury Utd FC ,Moreland Blues FC,16,4,0,2025,11,14,4,6,10,0,3
234631,948,16,17,11/14/2025,12,1,13,0,0,0,0,0,0,0,Pascoe Vale FC,Fitzroy FC,11,5,0,2025,11,14,4,3,8,0,3
234632,948,329,343,11/14/2025,12,1,13,0,0,0,0,0,0,0,Melbourne AKU FC,Northern Phoenix FC,10,2,0,2025,11,14,4,4,6,0,3
234634,948,16,344,11/21/2025,12,1,14,0,0,0,0,0,0,0,Pascoe Vale FC,Thornbury Utd FC ,5,1,1,2025,11,21,4,3,2,3,0
234635,948,17,18,11/21/2025,12,1,14,0,0,0,0,0,0,0,Fitzroy FC,Moreland Blues FC,3,1,0,2025,11,21,4,1,2,0,3
234636,948,331,343,11/21/2025,12,1,14,0,0,0,0,0,0,0,Hume FC,Northern Phoenix FC,9,1,1,2025,11,21,4,5,4,3,0
250457,1028,331,344,2/8/2026,11,1,1,0,0,0,0,0,0,0,Hume FC,Thornbury Utd FC ,5,3,1,2026,2,8,6,4,1,3,0
250458,1028,18,17,2/8/2026,11,1,1,0,0,0,0,0,0,0,Moreland Blues FC,Fitzroy FC,6,4,0,2026,2,8,6,1,5,0,3
250459,1028,16,329,2/8/2026,11,1,1,0,0,0,0,0,0,0,Pascoe Vale FC,Melbourne AKU FC,2,2,0,2026,2,8,6,0,2,0,3
250461,1028,22,17,2/15/2026,11,1,2,0,0,0,0,0,0,0,FC Carlton Heart,Fitzroy FC,10,8,0,2026,2,15,6,1,9,0,3
250462,1028,16,331,2/15/2026,11,1,2,0,0,0,0,0,101,0,Pascoe Vale FC,Hume FC,6,2,1,2026,2,15,6,4,2,3,0
250463,1028,344,329,2/15/2026,11,1,2,1,0,0,0,0,0,0,Thornbury Utd FC ,Melbourne AKU FC,10,0,1,2026,2,15,6,5,5,1,1
250465,1028,344,18,3/1/2026,11,1,3,0,0,0,0,0,0,0,Thornbury Utd FC ,Moreland Blues FC,7,5,0,2026,3,1,6,1,6,0,3
250466,1028,16,17,3/1/2026,11,1,3,0,0,0,0,0,0,0,Pascoe Vale FC,Fitzroy FC,3,1,0,2026,3,1,6,1,2,0,3
250467,1028,331,22,3/1/2026,11,1,3,0,0,0,0,0,0,0,Hume FC,FC Carlton Heart,10,2,1,2026,3,1,6,6,4,3,0
250469,1028,331,17,3/8/2026,12,1,4,0,0,0,0,0,0,0,Hume FC,Fitzroy FC,7,1,1,2026,3,8,6,4,3,3,0
250470,1028,329,22,3/8/2026,12,1,4,0,0,0,0,0,0,0,Melbourne AKU FC,FC Carlton Heart,4,2,1,2026,3,8,6,3,1,3,0
250471,1028,16,18,3/8/2026,12,1,4,0,0,0,0,0,0,0,Pascoe Vale FC,Moreland Blues FC,9,5,0,2026,3,8,6,2,7,0,3
250473,1028,18,329,3/22/2026,11,1,5,0,0,0,0,0,0,0,Moreland Blues FC,Melbourne AKU FC,4,4,1,2026,3,22,6,4,0,3,0
250474,1028,16,22,3/22/2026,11,1,5,1,0,0,0,0,0,0,Pascoe Vale FC,FC Carlton Heart,12,0,1,2026,3,22,6,6,6,1,1
250475,1028,17,344,3/22/2026,11,1,5,0,0,0,0,0,0,0,Fitzroy FC,Thornbury Utd FC ,10,8,1,2026,3,22,6,9,1,3,0
250477,1028,344,22,3/29/2026,11,1,6,0,0,0,0,0,57,15,Thornbury Utd FC ,FC Carlton Heart,5,3,1,2026,3,29,6,4,1,3,0
250478,1028,331,18,3/29/2026,11,1,6,0,0,0,0,0,53,51,Hume FC,Moreland Blues FC,3,1,0,2026,3,29,6,1,2,0,3
250479,1028,17,329,3/29/2026,11,1,6,0,0,0,0,0,38,28,Fitzroy FC,Melbourne AKU FC,12,10,1,2026,3,29,6,11,1,3,0
250481,1028,22,18,4/19/2026,12,1,7,1,0,0,0,0,0,48,FC Carlton Heart,Moreland Blues FC,14,0,1,2026,4,19,6,7,7,1,1
250482,1028,344,16,4/19/2026,12,1,7,1,0,0,0,0,0,0,Thornbury Utd FC ,Pascoe Vale FC,10,0,1,2026,4,19,6,5,5,1,1
250483,1028,329,331,4/19/2026,12,1,7,0,0,0,0,0,28,0,Melbourne AKU FC,Hume FC,7,1,0,2026,4,19,6,3,4,0,3
250485,1028,329,17,4/26/2026,11,1,8,0,0,0,0,0,28,40,Melbourne AKU FC,Fitzroy FC,5,1,0,2026,4,26,6,2,3,0,3
250486,1028,18,16,4/26/2026,11,1,8,0,0,0,0,0,51,104,Moreland Blues FC,Pascoe Vale FC,6,4,1,2026,4,26,6,5,1,3,0
250487,1028,22,331,4/26/2026,11,1,8,0,0,0,0,0,0,52,FC Carlton Heart,Hume FC,9,3,0,2026,4,26,6,3,6,0,3
