match_id,cmp_id,homeTeamId,awayTeamId,startTime,endTime,startDate,startingTime,courtId,courtName,quaterFinal,semiFinals,final,referee_id,winningTeam,losingTeam,winningTeamGoals,losingTeamGoals,winningTeamPoints,losingTeamPoints,status,round,isDraw,last_match,is_bye,note,is_forfeited,is_cancel,homeTeamKits,awayTeamKits,homeTeamName,awayTeamName,competitionName,seasonName
97881,430,331,17,1/20/2023 18:45,1/20/2023 20:00,1/20/2023,18:45:00,11,Series Futsal Arena,,,,1,17,331,5,1,3,0,Completed,1,no,no,FALSE,NULL,FALSE,no,0,0,Hume FC,Fitzroy FC,2023/1 Series Futsal Victoria Men,2023/1
97882,430,21,19,1/20/2023 20:00,1/20/2023 21:15,1/20/2023,20:00:00,11,Series Futsal Arena,,,,1,21,19,6,5,0,0,Completed,1,no,no,FALSE,NULL,FALSE,no,0,0,Campbellfield FC,Altona Knights FC,2023/1 Series Futsal Victoria Men,2023/1
97883,430,325,18,1/20/2023 21:15,1/20/2023 22:30,1/20/2023,21:15:00,11,Series Futsal Arena,,,,1,18,325,4,1,3,0,Completed,1,no,no,FALSE,NULL,FALSE,no,0,0,Roxburgh Park Gorillas,Moreland Blues FC,2023/1 Series Futsal Victoria Men,2023/1
97884,430,22,20,2/21/2023 20:30,2/21/2023 21:45,2/21/2023,20:30:00,11,Series Futsal Arena,,,,1,22,20,2,1,3,0,Completed,1,no,no,FALSE,NULL,FALSE,no,0,0,FC Carlton Heart,Western United FC,2023/1 Series Futsal Victoria Men,2023/1
97885,430,22,331,1/27/2023 18:45,1/27/2023 20:00,1/27/2023,18:45:00,11,Series Futsal Arena,,,,1,331,22,4,2,3,0,Completed,2,no,no,FALSE,NULL,FALSE,no,0,0,FC Carlton Heart,Hume FC,2023/1 Series Futsal Victoria Men,2023/1
97886,430,18,19,1/27/2023 20:00,1/27/2023 21:15,1/27/2023,20:00:00,11,Series Futsal Arena,,,,1,18,19,4,1,3,0,Completed,2,no,no,FALSE,NULL,FALSE,no,0,0,Moreland Blues FC,Altona Knights FC,2023/1 Series Futsal Victoria Men,2023/1
97887,430,21,325,1/27/2023 21:15,1/27/2023 22:30,1/27/2023,21:15:00,11,Series Futsal Arena,,,,1,21,325,12,3,3,0,Completed,2,no,no,FALSE,NULL,FALSE,no,0,0,Campbellfield FC,Roxburgh Park Gorillas,2023/1 Series Futsal Victoria Men,2023/1
97888,430,20,17,2/28/2023 20:30,2/28/2023 21:45,2/28/2023,20:30:00,11,Series Futsal Arena,,,,1,17,20,6,2,3,0,Completed,2,no,no,FALSE,NULL,FALSE,no,0,0,Western United FC,Fitzroy FC,2023/1 Series Futsal Victoria Men,2023/1
97889,430,325,19,2/3/2023 18:45,2/3/2023 20:00,2/3/2023,18:45:00,11,Series Futsal Arena,,,,1,325,19,3,1,3,0,Completed,3,no,no,FALSE,NULL,FALSE,no,0,0,Roxburgh Park Gorillas,Altona Knights FC,2023/1 Series Futsal Victoria Men,2023/1
97890,430,17,22,2/3/2023 20:00,2/3/2023 21:15,2/3/2023,20:00:00,11,Series Futsal Arena,,,,1,17,22,7,1,3,0,Completed,3,no,no,FALSE,NULL,FALSE,no,0,0,Fitzroy FC,FC Carlton Heart,2023/1 Series Futsal Victoria Men,2023/1
97891,430,18,21,2/3/2023 21:15,2/3/2023 22:30,2/3/2023,21:15:00,11,Series Futsal Arena,,,,1,18,21,5,3,3,0,Completed,3,no,no,FALSE,NULL,FALSE,no,0,0,Moreland Blues FC,Campbellfield FC,2023/1 Series Futsal Victoria Men,2023/1
97892,430,331,20,3/7/2023 22:30,3/7/2023 23:45,3/7/2023,22:30:00,11,Series Futsal Arena,,,,1,331,20,5,3,3,0,Completed,3,no,no,FALSE,NULL,FALSE,no,0,0,Hume FC,Western United FC,2023/1 Series Futsal Victoria Men,2023/1
97893,430,17,325,2/10/2023 18:45,2/10/2023 20:00,2/10/2023,18:45:00,11,Series Futsal Arena,,,,1,17,325,4,1,3,0,Completed,4,no,no,FALSE,NULL,FALSE,no,0,0,Fitzroy FC,Roxburgh Park Gorillas,2023/1 Series Futsal Victoria Men,2023/1
97894,430,22,19,2/10/2023 20:00,2/10/2023 21:15,2/10/2023,20:00:00,11,Series Futsal Arena,,,,1,19,22,10,5,3,0,Completed,4,no,no,FALSE,NULL,FALSE,no,0,0,FC Carlton Heart,Altona Knights FC,2023/1 Series Futsal Victoria Men,2023/1
97895,430,331,18,2/10/2023 21:15,2/10/2023 22:30,2/10/2023,21:15:00,11,Series Futsal Arena,,,,1,331,18,3,2,3,0,Completed,4,yes,no,FALSE,NULL,FALSE,no,0,0,Hume FC,Moreland Blues FC,2023/1 Series Futsal Victoria Men,2023/1
97896,430,21,20,2/10/2023 22:30,2/10/2023 23:45,2/10/2023,22:30:00,11,Series Futsal Arena,,,,1,21,20,5,1,3,0,Completed,4,no,no,FALSE,NULL,FALSE,no,0,0,Campbellfield FC,Western United FC,2023/1 Series Futsal Victoria Men,2023/1
97897,430,22,325,2/17/2023 18:45,2/17/2023 20:00,2/17/2023,18:45:00,11,Series Futsal Arena,,,,1,22,325,9,1,3,0,Completed,5,no,no,FALSE,NULL,FALSE,no,0,0,FC Carlton Heart,Roxburgh Park Gorillas,2023/1 Series Futsal Victoria Men,2023/1
97898,430,331,19,2/17/2023 20:00,2/17/2023 21:15,2/17/2023,20:00:00,11,Series Futsal Arena,,,,1,19,331,3,0,3,0,Completed,5,no,no,FALSE,NULL,FALSE,no,0,0,Hume FC,Altona Knights FC,2023/1 Series Futsal Victoria Men,2023/1
97899,430,17,21,2/17/2023 21:15,2/17/2023 22:30,2/17/2023,21:15:00,11,Series Futsal Arena,,,,1,17,21,2,1,3,0,Completed,5,no,no,FALSE,NULL,FALSE,no,0,0,Fitzroy FC,Campbellfield FC,2023/1 Series Futsal Victoria Men,2023/1
97900,430,20,18,2/17/2023 22:30,2/17/2023 23:45,2/17/2023,22:30:00,11,Series Futsal Arena,,,,1,18,20,4,2,3,0,Completed,5,no,no,FALSE,NULL,FALSE,no,0,0,Western United FC,Moreland Blues FC,2023/1 Series Futsal Victoria Men,2023/1
97901,430,19,17,2/24/2023 18:45,2/24/2023 20:00,2/24/2023,18:45:00,11,Series Futsal Arena,,,,1,17,19,7,0,3,0,Completed,6,no,no,FALSE,NULL,FALSE,no,0,0,Altona Knights FC,Fitzroy FC,2023/1 Series Futsal Victoria Men,2023/1
97902,430,22,18,2/24/2023 20:00,2/24/2023 21:15,2/24/2023,20:00:00,11,Series Futsal Arena,,,,1,18,22,4,3,3,0,Completed,6,no,no,FALSE,NULL,FALSE,no,0,0,FC Carlton Heart,Moreland Blues FC,2023/1 Series Futsal Victoria Men,2023/1
97903,430,20,325,2/24/2023 21:15,2/24/2023 22:30,2/24/2023,21:15:00,11,Series Futsal Arena,,,,1,325,20,3,2,0,0,Completed,6,no,no,FALSE,NULL,FALSE,no,0,0,Western United FC,Roxburgh Park Gorillas,2023/1 Series Futsal Victoria Men,2023/1
97904,430,21,331,2/24/2023 22:30,2/24/2023 23:45,2/24/2023,22:30:00,11,Series Futsal Arena,,,,1,21,331,4,3,3,0,Completed,6,no,no,FALSE,NULL,FALSE,no,0,0,Campbellfield FC,Hume FC,2023/1 Series Futsal Victoria Men,2023/1
97905,430,325,331,3/3/2023 18:45,3/3/2023 20:00,3/3/2023,18:45:00,11,Series Futsal Arena,,,,1,331,325,3,1,3,0,Completed,7,no,no,FALSE,NULL,FALSE,no,0,0,Roxburgh Park Gorillas,Hume FC,2023/1 Series Futsal Victoria Men,2023/1
97906,430,20,19,3/3/2023 20:00,3/3/2023 21:15,3/3/2023,20:00:00,11,Series Futsal Arena,,,,1,20,19,10,5,3,0,Completed,7,no,no,FALSE,NULL,FALSE,no,0,0,Western United FC,Altona Knights FC,2023/1 Series Futsal Victoria Men,2023/1
97907,430,17,18,3/3/2023 21:15,3/3/2023 22:30,3/3/2023,21:15:00,11,Series Futsal Arena,,,,1,17,18,4,3,3,0,Completed,7,no,no,FALSE,NULL,FALSE,no,0,0,Fitzroy FC,Moreland Blues FC,2023/1 Series Futsal Victoria Men,2023/1
97908,430,21,22,3/3/2023 22:30,3/3/2023 23:45,3/3/2023,22:30:00,11,Series Futsal Arena,,,,1,21,22,5,4,0,0,Completed,7,no,yes,FALSE,NULL,FALSE,no,0,0,Campbellfield FC,FC Carlton Heart,2023/1 Series Futsal Victoria Men,2023/1
97909,430,331,17,3/10/2023 18:45,3/10/2023 20:00,3/10/2023,18:45:00,11,Series Futsal Arena,,,,1,331,17,2,1,0,0,Completed,8,no,no,FALSE,NULL,FALSE,no,0,0,Hume FC,Fitzroy FC,2023/1 Series Futsal Victoria Men,2023/1
97910,430,325,18,3/10/2023 20:00,3/10/2023 21:15,3/10/2023,20:00:00,11,Series Futsal Arena,,,,1,18,325,6,4,3,0,Completed,8,no,no,FALSE,NULL,FALSE,no,0,0,Roxburgh Park Gorillas,Moreland Blues FC,2023/1 Series Futsal Victoria Men,2023/1
97911,430,22,20,3/10/2023 21:15,3/10/2023 22:30,3/10/2023,21:15:00,11,Series Futsal Arena,,,,1,20,22,4,3,0,0,Completed,8,no,no,FALSE,NULL,FALSE,no,0,0,FC Carlton Heart,Western United FC,2023/1 Series Futsal Victoria Men,2023/1
97912,430,21,19,3/10/2023 22:30,3/10/2023 23:45,3/10/2023,22:30:00,11,Series Futsal Arena,,,,1,19,21,5,4,3,0,Completed,8,no,no,FALSE,NULL,FALSE,no,0,0,Campbellfield FC,Altona Knights FC,2023/1 Series Futsal Victoria Men,2023/1
97913,430,18,19,3/17/2023 18:45,3/17/2023 20:00,3/17/2023,18:45:00,11,Series Futsal Arena,,,,1,18,19,9,3,3,0,Completed,9,no,no,FALSE,NULL,FALSE,no,0,0,Moreland Blues FC,Altona Knights FC,2023/1 Series Futsal Victoria Men,2023/1
97914,430,22,331,3/17/2023 20:00,3/17/2023 21:15,3/17/2023,20:00:00,11,Series Futsal Arena,,,,1,331,22,6,3,3,0,Completed,9,no,no,FALSE,NULL,FALSE,no,0,0,FC Carlton Heart,Hume FC,2023/1 Series Futsal Victoria Men,2023/1
97915,430,21,325,3/17/2023 21:15,3/17/2023 22:30,3/17/2023,21:15:00,11,Series Futsal Arena,,,,1,21,325,5,2,3,0,Completed,9,no,no,FALSE,NULL,FALSE,no,0,0,Campbellfield FC,Roxburgh Park Gorillas,2023/1 Series Futsal Victoria Men,2023/1
97916,430,20,17,3/17/2023 22:30,3/17/2023 23:45,3/17/2023,22:30:00,11,Series Futsal Arena,,,,1,17,20,10,2,3,0,Completed,9,no,no,FALSE,NULL,FALSE,no,0,0,Western United FC,Fitzroy FC,2023/1 Series Futsal Victoria Men,2023/1
97917,430,325,19,3/24/2023 18:45,3/24/2023 20:00,3/24/2023,18:45:00,11,Series Futsal Arena,,,,1,325,19,6,1,3,0,Completed,10,no,no,FALSE,NULL,FALSE,no,0,0,Roxburgh Park Gorillas,Altona Knights FC,2023/1 Series Futsal Victoria Men,2023/1
97918,430,17,22,3/24/2023 20:00,3/24/2023 21:15,3/24/2023,20:00:00,11,Series Futsal Arena,,,,1,17,22,7,1,3,0,Completed,10,no,no,FALSE,NULL,FALSE,no,0,0,Fitzroy FC,FC Carlton Heart,2023/1 Series Futsal Victoria Men,2023/1
97919,430,18,21,3/24/2023 21:15,3/24/2023 22:30,3/24/2023,21:15:00,11,Series Futsal Arena,,,,1,18,21,5,2,3,0,Completed,10,no,no,FALSE,NULL,FALSE,no,0,0,Moreland Blues FC,Campbellfield FC,2023/1 Series Futsal Victoria Men,2023/1
97920,430,331,20,3/24/2023 22:30,3/24/2023 23:45,3/24/2023,22:30:00,11,Series Futsal Arena,,,,1,331,20,3,1,3,0,Completed,10,no,no,FALSE,NULL,FALSE,no,0,0,Hume FC,Western United FC,2023/1 Series Futsal Victoria Men,2023/1
97921,430,325,17,3/31/2023 18:45,3/31/2023 20:00,3/31/2023,18:45:00,11,Series Futsal Arena,,,,1,17,325,10,0,3,0,Completed,11,no,no,FALSE,NULL,FALSE,no,0,0,Roxburgh Park Gorillas,Fitzroy FC,2023/1 Series Futsal Victoria Men,2023/1
97922,430,19,22,3/31/2023 20:00,3/31/2023 21:15,3/31/2023,20:00:00,11,Series Futsal Arena,,,,1,22,19,4,3,0,0,Completed,11,no,no,FALSE,NULL,FALSE,no,0,0,Altona Knights FC,FC Carlton Heart,2023/1 Series Futsal Victoria Men,2023/1
97923,430,18,331,3/31/2023 21:15,3/31/2023 22:30,3/31/2023,21:15:00,11,Series Futsal Arena,,,,1,18,331,5,1,3,0,Completed,11,no,no,FALSE,NULL,FALSE,no,0,0,Moreland Blues FC,Hume FC,2023/1 Series Futsal Victoria Men,2023/1
97924,430,20,21,3/31/2023 22:30,3/31/2023 23:45,3/31/2023,22:30:00,11,Series Futsal Arena,,,,1,21,20,4,1,3,0,Completed,11,no,no,FALSE,NULL,FALSE,no,0,0,Western United FC,Campbellfield FC,2023/1 Series Futsal Victoria Men,2023/1
97925,430,22,325,4/14/2023 18:45,4/14/2023 20:00,4/14/2023,18:45:00,11,Series Futsal Arena,,,,1,325,22,5,2,3,0,Completed,12,no,no,FALSE,NULL,FALSE,no,0,0,FC Carlton Heart,Roxburgh Park Gorillas,2023/1 Series Futsal Victoria Men,2023/1
97926,430,20,18,4/14/2023 20:00,4/14/2023 21:15,4/14/2023,20:00:00,11,Series Futsal Arena,,,,1,18,20,6,1,3,0,Completed,12,no,no,FALSE,NULL,FALSE,no,0,0,Western United FC,Moreland Blues FC,2023/1 Series Futsal Victoria Men,2023/1
97927,430,17,21,4/14/2023 21:15,4/14/2023 22:30,4/14/2023,21:15:00,11,Series Futsal Arena,,,,1,17,21,4,3,3,0,Completed,12,no,no,FALSE,NULL,FALSE,no,0,0,Fitzroy FC,Campbellfield FC,2023/1 Series Futsal Victoria Men,2023/1
97928,430,331,19,4/14/2023 22:30,4/14/2023 23:45,4/14/2023,22:30:00,11,Series Futsal Arena,,,,1,331,19,3,1,3,0,Completed,12,no,no,FALSE,NULL,FALSE,no,0,0,Hume FC,Altona Knights FC,2023/1 Series Futsal Victoria Men,2023/1
97929,430,20,325,4/21/2023 18:45,4/21/2023 20:00,4/21/2023,18:45:00,11,Series Futsal Arena,,,,1,325,20,4,1,3,0,Completed,13,no,no,FALSE,NULL,FALSE,no,0,0,Western United FC,Roxburgh Park Gorillas,2023/1 Series Futsal Victoria Men,2023/1
97930,430,22,18,4/21/2023 20:00,4/21/2023 21:15,4/21/2023,20:00:00,11,Series Futsal Arena,,,,1,18,22,6,3,3,0,Completed,13,no,no,FALSE,NULL,FALSE,no,0,0,FC Carlton Heart,Moreland Blues FC,2023/1 Series Futsal Victoria Men,2023/1
97931,430,17,19,4/21/2023 22:30,4/21/2023 23:45,4/21/2023,22:30:00,11,Series Futsal Arena,,,,1,17,19,16,2,3,0,Completed,13,no,no,FALSE,NULL,FALSE,no,0,0,Fitzroy FC,Altona Knights FC,2023/1 Series Futsal Victoria Men,2023/1
97932,430,21,331,4/21/2023 21:15,4/21/2023 22:30,4/21/2023,21:15:00,11,Series Futsal Arena,,,,1,21,331,5,2,3,0,Completed,13,no,no,FALSE,NULL,FALSE,no,0,0,Campbellfield FC,Hume FC,2023/1 Series Futsal Victoria Men,2023/1
97933,430,19,20,5/5/2023 19:00,5/5/2023 20:15,5/5/2023,19:00:00,11,Series Futsal Arena,,,,1,19,20,4,3,3,0,Completed,14,no,no,FALSE,NULL,FALSE,no,0,0,Altona Knights FC,Western United FC,2023/1 Series Futsal Victoria Men,2023/1
97934,430,22,21,5/5/2023 22:00,5/5/2023 23:15,5/5/2023,22:00:00,11,Series Futsal Arena,,,,1,22,21,3,2,3,0,Completed,14,yes,no,FALSE,NULL,FALSE,no,0,0,FC Carlton Heart,Campbellfield FC,2023/1 Series Futsal Victoria Men,2023/1
97935,430,18,17,5/21/2023 19:00,5/21/2023 20:15,5/21/2023,19:00:00,11,Series Futsal Arena,,,,1,17,18,4,1,3,0,Completed,14,no,no,FALSE,NULL,FALSE,no,0,0,Moreland Blues FC,Fitzroy FC,2023/1 Series Futsal Victoria Men,2023/1
97936,430,331,325,5/5/2023 20:30,5/5/2023 21:45,5/5/2023,20:30:00,11,Series Futsal Arena,,,,1,331,325,6,3,3,0,Completed,14,no,no,FALSE,NULL,FALSE,no,0,0,Hume FC,Roxburgh Park Gorillas,2023/1 Series Futsal Victoria Men,2023/1
97937,430,20,22,5/12/2023 21:15,5/12/2023 22:30,5/12/2023,21:15:00,11,Series Futsal Arena,,,,1,22,20,5,3,3,0,Completed,15,no,no,FALSE,NULL,FALSE,no,0,0,Western United FC,FC Carlton Heart,2023/1 Series Futsal Victoria Men,2023/1
97938,430,17,331,5/12/2023 20:00,5/12/2023 21:15,5/12/2023,20:00:00,11,Series Futsal Arena,,,,1,17,331,15,1,3,0,Completed,15,no,no,FALSE,NULL,FALSE,no,0,0,Fitzroy FC,Hume FC,2023/1 Series Futsal Victoria Men,2023/1
97939,430,18,325,5/12/2023 18:45,5/12/2023 20:00,5/12/2023,18:45:00,11,Series Futsal Arena,,,,1,18,325,6,0,3,0,Completed,15,no,no,FALSE,NULL,FALSE,no,0,0,Moreland Blues FC,Roxburgh Park Gorillas,2023/1 Series Futsal Victoria Men,2023/1
97940,430,19,21,5/12/2023 22:30,5/12/2023 23:45,5/12/2023,22:30:00,11,Series Futsal Arena,,,,1,21,19,5,2,3,0,Completed,15,no,no,FALSE,NULL,FALSE,no,0,0,Altona Knights FC,Campbellfield FC,2023/1 Series Futsal Victoria Men,2023/1
97941,430,19,18,5/23/2023 20:00,5/23/2023 21:15,5/23/2023,20:00:00,11,Series Futsal Arena,,,,1,19,18,7,4,3,0,Completed,16,no,no,FALSE,NULL,FALSE,no,0,0,Altona Knights FC,Moreland Blues FC,2023/1 Series Futsal Victoria Men,2023/1
97942,430,325,21,5/23/2023 22:30,5/23/2023 23:45,5/23/2023,22:30:00,11,Series Futsal Arena,,,,1,21,325,10,4,3,0,Completed,16,no,no,FALSE,NULL,FALSE,no,0,0,Roxburgh Park Gorillas,Campbellfield FC,2023/1 Series Futsal Victoria Men,2023/1
97943,430,17,20,5/23/2023 18:45,5/23/2023 20:00,5/23/2023,18:45:00,11,Series Futsal Arena,,,,1,17,20,7,1,3,0,Completed,16,no,no,FALSE,NULL,FALSE,no,0,0,Fitzroy FC,Western United FC,2023/1 Series Futsal Victoria Men,2023/1
97944,430,331,22,5/23/2023 21:15,5/23/2023 22:30,5/23/2023,21:15:00,11,Series Futsal Arena,,,,1,22,331,2,0,3,0,Completed,16,no,no,FALSE,NULL,FALSE,no,0,0,Hume FC,FC Carlton Heart,2023/1 Series Futsal Victoria Men,2023/1
97945,430,22,17,5/19/2023 18:45,5/19/2023 20:00,5/19/2023,18:45:00,11,Series Futsal Arena,,,,1,17,22,5,2,3,0,Completed,17,no,no,FALSE,NULL,FALSE,no,0,0,FC Carlton Heart,Fitzroy FC,2023/1 Series Futsal Victoria Men,2023/1
97946,430,20,331,5/19/2023 21:15,5/19/2023 22:30,5/19/2023,21:15:00,11,Series Futsal Arena,,,,1,20,331,4,3,0,0,Completed,17,no,no,FALSE,NULL,FALSE,no,0,0,Western United FC,Hume FC,2023/1 Series Futsal Victoria Men,2023/1
97947,430,19,325,5/19/2023 22:30,5/19/2023 23:45,5/19/2023,22:30:00,11,Series Futsal Arena,,,,1,19,325,5,2,3,0,Completed,17,no,no,FALSE,NULL,FALSE,no,0,0,Altona Knights FC,Roxburgh Park Gorillas,2023/1 Series Futsal Victoria Men,2023/1
97948,430,21,18,5/19/2023 20:00,5/19/2023 21:15,5/19/2023,20:00:00,11,Series Futsal Arena,,,,1,21,18,7,1,3,0,Completed,17,no,no,FALSE,NULL,FALSE,no,0,0,Campbellfield FC,Moreland Blues FC,2023/1 Series Futsal Victoria Men,2023/1
97949,430,21,20,5/26/2023 21:15,5/26/2023 22:30,5/26/2023,21:15:00,11,Series Futsal Arena,,,,1,20,21,5,4,3,0,Completed,18,no,no,FALSE,NULL,FALSE,no,0,0,Campbellfield FC,Western United FC,2023/1 Series Futsal Victoria Men,2023/1
97950,430,17,325,5/26/2023 18:45,5/26/2023 20:00,5/26/2023,18:45:00,11,Series Futsal Arena,,,,1,17,325,4,1,3,0,Completed,18,no,no,FALSE,NULL,FALSE,no,0,0,Fitzroy FC,Roxburgh Park Gorillas,2023/1 Series Futsal Victoria Men,2023/1
97951,430,22,19,5/26/2023 22:30,5/26/2023 23:45,5/26/2023,22:30:00,11,Series Futsal Arena,,,,1,19,22,4,3,0,0,Completed,18,no,no,FALSE,NULL,FALSE,no,0,0,FC Carlton Heart,Altona Knights FC,2023/1 Series Futsal Victoria Men,2023/1
97952,430,331,18,5/26/2023 20:00,5/26/2023 21:15,5/26/2023,20:00:00,11,Series Futsal Arena,,,,1,18,331,6,2,3,0,Completed,18,no,no,FALSE,NULL,FALSE,no,0,0,Hume FC,Moreland Blues FC,2023/1 Series Futsal Victoria Men,2023/1
97953,430,325,22,6/2/2023 18:45,6/2/2023 20:00,6/2/2023,18:45:00,11,Series Futsal Arena,,,,1,325,22,5,3,3,0,Completed,19,no,no,FALSE,NULL,FALSE,no,0,0,Roxburgh Park Gorillas,FC Carlton Heart,2023/1 Series Futsal Victoria Men,2023/1
97954,430,19,331,6/2/2023 22:30,6/2/2023 23:45,6/2/2023,22:30:00,11,Series Futsal Arena,,,,1,19,331,4,3,0,0,Completed,19,no,no,FALSE,NULL,FALSE,no,0,0,Altona Knights FC,Hume FC,2023/1 Series Futsal Victoria Men,2023/1
97955,430,21,17,6/2/2023 21:15,6/2/2023 22:30,6/2/2023,21:15:00,11,Series Futsal Arena,,,,1,17,21,3,2,3,0,Completed,19,no,no,FALSE,NULL,FALSE,no,0,0,Campbellfield FC,Fitzroy FC,2023/1 Series Futsal Victoria Men,2023/1
97956,430,18,20,6/2/2023 20:00,6/2/2023 21:15,6/2/2023,20:00:00,11,Series Futsal Arena,,,,1,18,20,3,2,3,0,Completed,19,no,no,FALSE,NULL,FALSE,no,0,0,Moreland Blues FC,Western United FC,2023/1 Series Futsal Victoria Men,2023/1
97957,430,325,20,6/9/2023 21:15,6/9/2023 22:30,6/9/2023,21:15:00,11,Series Futsal Arena,,,,1,325,20,7,6,0,0,Completed,20,no,no,FALSE,NULL,FALSE,no,0,0,Roxburgh Park Gorillas,Western United FC,2023/1 Series Futsal Victoria Men,2023/1
97958,430,18,22,6/9/2023 22:30,6/9/2023 23:45,6/9/2023,22:30:00,11,Series Futsal Arena,,,,1,18,22,9,2,3,0,Completed,20,no,no,FALSE,NULL,FALSE,no,0,0,Moreland Blues FC,FC Carlton Heart,2023/1 Series Futsal Victoria Men,2023/1
97959,430,19,17,6/9/2023 18:45,6/9/2023 20:00,6/9/2023,18:45:00,11,Series Futsal Arena,,,,1,17,19,15,2,3,0,Completed,20,no,no,FALSE,NULL,FALSE,no,0,0,Altona Knights FC,Fitzroy FC,2023/1 Series Futsal Victoria Men,2023/1
97960,430,331,21,6/9/2023 20:00,6/9/2023 21:15,6/9/2023,20:00:00,11,Series Futsal Arena,,,,1,21,331,9,2,3,0,Completed,20,no,no,FALSE,NULL,FALSE,no,0,0,Hume FC,Campbellfield FC,2023/1 Series Futsal Victoria Men,2023/1
97961,430,20,19,6/16/2023 21:15,6/16/2023 22:30,6/16/2023,21:15:00,11,Series Futsal Arena,,,,1,20,19,5,4,0,0,Completed,21,no,no,FALSE,NULL,FALSE,no,0,0,Western United FC,Altona Knights FC,2023/1 Series Futsal Victoria Men,2023/1
97962,430,21,22,6/16/2023 22:30,6/16/2023 23:45,6/16/2023,22:30:00,11,Series Futsal Arena,,,,1,21,22,11,5,3,0,Completed,21,no,no,FALSE,NULL,FALSE,no,0,0,Campbellfield FC,FC Carlton Heart,2023/1 Series Futsal Victoria Men,2023/1
97963,430,17,18,6/16/2023 18:30,6/16/2023 19:45,6/16/2023,18:30:00,11,Series Futsal Arena,,,,1,17,18,4,3,0,0,Completed,21,no,no,FALSE,NULL,FALSE,no,0,0,Fitzroy FC,Moreland Blues FC,2023/1 Series Futsal Victoria Men,2023/1
97964,430,325,331,6/16/2023 20:00,6/16/2023 21:15,6/16/2023,20:00:00,11,Series Futsal Arena,,,,1,331,325,4,3,3,0,Completed,21,no,no,FALSE,NULL,FALSE,no,0,0,Roxburgh Park Gorillas,Hume FC,2023/1 Series Futsal Victoria Men,2023/1
123999,527,322,17,7/21/2023 18:45,7/21/2023 20:00,7/21/2023,18:45:00,11,Series Futsal Arena,,,,1,17,322,9,2,3,0,Completed,1,no,no,FALSE,NULL,FALSE,no,0,0,Metropolitan FC,Fitzroy FC,2023/2 Series Futsal  Men,2023/2
124000,527,22,19,7/21/2023 20:00,7/21/2023 21:15,7/21/2023,20:00:00,11,Series Futsal Arena,,,,1,19,22,6,1,3,0,Completed,1,no,no,FALSE,NULL,FALSE,no,0,0,FC Carlton Heart,Altona Knights FC,2023/2 Series Futsal  Men,2023/2
124001,527,21,331,7/21/2023 21:15,7/21/2023 22:30,7/21/2023,21:15:00,11,Series Futsal Arena,,,,1,21,331,7,3,3,0,Completed,1,no,no,FALSE,NULL,FALSE,no,0,0,Campbellfield FC,Hume FC,2023/2 Series Futsal  Men,2023/2
124002,527,18,325,7/21/2023 22:30,7/21/2023 23:45,7/21/2023,22:30:00,11,Series Futsal Arena,,,,1,18,325,10,1,3,0,Completed,1,no,no,FALSE,NULL,FALSE,no,0,0,Moreland Blues FC,Roxburgh Park Gorillas,2023/2 Series Futsal  Men,2023/2
124003,527,18,322,7/28/2023 18:45,7/28/2023 20:00,7/28/2023,18:45:00,11,Series Futsal Arena,,,,1,18,322,16,2,3,0,Completed,2,no,no,FALSE,NULL,FALSE,no,0,0,Moreland Blues FC,Metropolitan FC,2023/2 Series Futsal  Men,2023/2
124004,527,17,19,7/28/2023 20:00,7/28/2023 21:15,7/28/2023,20:00:00,11,Series Futsal Arena,,,,1,17,19,8,2,3,0,Completed,2,no,no,FALSE,NULL,FALSE,no,0,0,Fitzroy FC,Altona Knights FC,2023/2 Series Futsal  Men,2023/2
124005,527,325,21,7/28/2023 21:15,7/28/2023 22:30,7/28/2023,21:15:00,11,Series Futsal Arena,,,,1,21,325,8,3,3,0,Completed,2,no,no,FALSE,NULL,FALSE,no,0,0,Roxburgh Park Gorillas,Campbellfield FC,2023/2 Series Futsal  Men,2023/2
124006,527,331,22,7/28/2023 22:30,7/28/2023 23:45,7/28/2023,22:30:00,11,Series Futsal Arena,,,,1,331,22,7,4,3,0,Completed,2,no,no,FALSE,NULL,FALSE,no,0,0,Hume FC,FC Carlton Heart,2023/2 Series Futsal  Men,2023/2
124007,527,18,19,8/4/2023 18:45,8/4/2023 20:00,8/4/2023,18:45:00,11,Series Futsal Arena,,,,1,18,19,8,0,3,0,Completed,3,no,no,FALSE,NULL,FALSE,no,0,0,Moreland Blues FC,Altona Knights FC,2023/2 Series Futsal  Men,2023/2
124008,527,22,322,8/4/2023 20:00,8/4/2023 21:15,8/4/2023,20:00:00,11,Series Futsal Arena,,,,1,322,22,6,3,3,0,Completed,3,no,no,FALSE,NULL,FALSE,no,0,0,FC Carlton Heart,Metropolitan FC,2023/2 Series Futsal  Men,2023/2
124009,527,21,17,8/4/2023 21:15,8/4/2023 22:30,8/4/2023,21:15:00,11,Series Futsal Arena,,,,1,21,17,2,1,0,0,Completed,3,no,no,FALSE,NULL,FALSE,no,0,0,Campbellfield FC,Fitzroy FC,2023/2 Series Futsal  Men,2023/2
124010,527,325,331,8/4/2023 22:30,8/4/2023 23:45,8/4/2023,22:30:00,11,Series Futsal Arena,,,,1,331,325,5,1,3,0,Completed,3,no,no,FALSE,NULL,FALSE,no,0,0,Roxburgh Park Gorillas,Hume FC,2023/2 Series Futsal  Men,2023/2
124011,527,331,19,8/11/2023 18:45,8/11/2023 20:00,8/11/2023,18:45:00,11,Series Futsal Arena,,,,1,19,331,3,0,3,0,Completed,4,no,no,FALSE,NULL,FALSE,no,0,0,Hume FC,Altona Knights FC,2023/2 Series Futsal  Men,2023/2
124012,527,325,17,8/11/2023 20:00,8/11/2023 21:15,8/11/2023,20:00:00,11,Series Futsal Arena,,,,1,17,325,15,0,3,0,Completed,4,no,no,FALSE,NULL,FALSE,no,0,0,Roxburgh Park Gorillas,Fitzroy FC,2023/2 Series Futsal  Men,2023/2
124013,527,18,22,8/11/2023 21:15,8/11/2023 22:30,8/11/2023,21:15:00,11,Series Futsal Arena,,,,1,18,22,4,2,3,0,Completed,4,no,no,FALSE,NULL,FALSE,no,0,0,Moreland Blues FC,FC Carlton Heart,2023/2 Series Futsal  Men,2023/2
124014,527,21,322,8/11/2023 22:30,8/11/2023 23:45,8/11/2023,22:30:00,11,Series Futsal Arena,,,,1,21,322,10,3,3,0,Completed,4,no,no,FALSE,NULL,FALSE,no,0,0,Campbellfield FC,Metropolitan FC,2023/2 Series Futsal  Men,2023/2
124015,527,322,19,8/18/2023 18:45,8/18/2023 20:00,8/18/2023,18:45:00,11,Series Futsal Arena,,,,1,19,322,7,4,3,0,Completed,5,no,no,FALSE,NULL,FALSE,no,0,0,Metropolitan FC,Altona Knights FC,2023/2 Series Futsal  Men,2023/2
124016,527,331,17,8/18/2023 20:00,8/18/2023 21:15,8/18/2023,20:00:00,11,Series Futsal Arena,,,,1,17,331,4,3,3,0,Completed,5,no,no,FALSE,NULL,FALSE,no,0,0,Hume FC,Fitzroy FC,2023/2 Series Futsal  Men,2023/2
124017,527,21,18,8/18/2023 21:15,8/18/2023 22:30,8/18/2023,21:15:00,11,Series Futsal Arena,,,,1,18,21,9,3,3,0,Completed,5,no,no,FALSE,NULL,FALSE,no,0,0,Campbellfield FC,Moreland Blues FC,2023/2 Series Futsal  Men,2023/2
124018,527,22,325,8/18/2023 22:30,8/18/2023 23:45,8/18/2023,22:30:00,11,Series Futsal Arena,,,,1,22,325,5,4,3,0,Completed,5,no,no,FALSE,NULL,FALSE,no,0,0,FC Carlton Heart,Roxburgh Park Gorillas,2023/2 Series Futsal  Men,2023/2
124019,527,325,322,8/25/2023 18:45,8/25/2023 20:00,8/25/2023,18:45:00,11,Series Futsal Arena,,,,1,322,325,8,7,0,0,Completed,6,no,no,FALSE,NULL,FALSE,no,0,0,Roxburgh Park Gorillas,Metropolitan FC,2023/2 Series Futsal  Men,2023/2
124020,527,17,22,8/25/2023 20:00,8/25/2023 21:15,8/25/2023,20:00:00,11,Series Futsal Arena,,,,1,17,22,8,0,3,0,Completed,6,no,no,FALSE,NULL,FALSE,no,0,0,Fitzroy FC,FC Carlton Heart,2023/2 Series Futsal  Men,2023/2
124021,527,331,18,8/25/2023 21:15,8/25/2023 22:30,8/25/2023,21:15:00,11,Series Futsal Arena,,,,1,18,331,5,1,3,0,Completed,6,no,no,FALSE,NULL,FALSE,no,0,0,Hume FC,Moreland Blues FC,2023/2 Series Futsal  Men,2023/2
124022,527,19,21,8/25/2023 22:30,8/25/2023 23:45,8/25/2023,22:30:00,11,Series Futsal Arena,,,,1,21,19,9,2,3,0,Completed,6,no,no,FALSE,NULL,FALSE,no,0,0,Altona Knights FC,Campbellfield FC,2023/2 Series Futsal  Men,2023/2
124023,527,19,325,9/1/2023 18:45,9/1/2023 20:00,9/1/2023,18:45:00,11,Series Futsal Arena,,,,1,325,19,3,2,3,0,Completed,7,no,no,FALSE,NULL,FALSE,no,0,0,Altona Knights FC,Roxburgh Park Gorillas,2023/2 Series Futsal  Men,2023/2
124024,527,22,21,9/1/2023 20:00,9/1/2023 21:15,9/1/2023,20:00:00,11,Series Futsal Arena,,,,1,21,22,7,1,3,0,Completed,7,no,no,FALSE,NULL,FALSE,no,0,0,FC Carlton Heart,Campbellfield FC,2023/2 Series Futsal  Men,2023/2
124025,527,17,18,9/1/2023 21:15,9/1/2023 22:30,9/1/2023,21:15:00,11,Series Futsal Arena,,,,1,17,18,6,1,3,0,Completed,7,no,no,FALSE,NULL,FALSE,no,0,0,Fitzroy FC,Moreland Blues FC,2023/2 Series Futsal  Men,2023/2
124026,527,322,331,9/1/2023 22:30,9/1/2023 23:45,9/1/2023,22:30:00,11,Series Futsal Arena,,,,1,331,322,10,3,3,0,Completed,7,no,no,FALSE,NULL,FALSE,no,0,0,Metropolitan FC,Hume FC,2023/2 Series Futsal  Men,2023/2
124027,527,325,18,9/8/2023 18:45,9/8/2023 20:00,9/8/2023,18:45:00,11,Series Futsal Arena,,,,1,18,325,12,1,3,0,Completed,8,no,no,FALSE,NULL,FALSE,no,0,0,Roxburgh Park Gorillas,Moreland Blues FC,2023/2 Series Futsal  Men,2023/2
124028,527,19,22,9/8/2023 20:00,9/8/2023 21:15,9/8/2023,20:00:00,11,Series Futsal Arena,,,,1,19,22,5,4,0,0,Completed,8,no,no,FALSE,NULL,FALSE,no,0,0,Altona Knights FC,FC Carlton Heart,2023/2 Series Futsal  Men,2023/2
124029,527,331,21,9/8/2023 21:15,9/8/2023 22:30,9/8/2023,21:15:00,11,Series Futsal Arena,,,,1,331,21,2,1,3,0,Completed,8,no,no,FALSE,NULL,FALSE,no,0,0,Hume FC,Campbellfield FC,2023/2 Series Futsal  Men,2023/2
124030,527,17,322,9/8/2023 22:30,9/8/2023 23:45,9/8/2023,22:30:00,11,Series Futsal Arena,,,,1,17,322,10,5,3,0,Completed,8,no,no,FALSE,NULL,FALSE,no,0,0,Fitzroy FC,Metropolitan FC,2023/2 Series Futsal  Men,2023/2
124031,527,322,18,9/15/2023 18:45,9/15/2023 20:00,9/15/2023,18:45:00,11,Series Futsal Arena,,,,1,18,322,10,2,3,0,Completed,9,no,no,FALSE,NULL,FALSE,no,0,0,Metropolitan FC,Moreland Blues FC,2023/2 Series Futsal  Men,2023/2
124032,527,19,17,9/15/2023 20:00,9/15/2023 21:15,9/15/2023,20:00:00,11,Series Futsal Arena,,,,1,17,19,6,2,3,0,Completed,9,no,no,FALSE,NULL,FALSE,no,0,0,Altona Knights FC,Fitzroy FC,2023/2 Series Futsal  Men,2023/2
124033,527,22,331,9/15/2023 21:15,9/15/2023 22:30,9/15/2023,21:15:00,11,Series Futsal Arena,,,,1,331,22,3,0,3,0,Completed,9,no,no,FALSE,NULL,FALSE,no,0,0,FC Carlton Heart,Hume FC,2023/2 Series Futsal  Men,2023/2
124034,527,21,325,9/15/2023 22:30,9/15/2023 23:45,9/15/2023,22:30:00,11,Series Futsal Arena,,,,1,21,325,5,4,3,0,Completed,9,no,no,FALSE,NULL,FALSE,no,0,0,Campbellfield FC,Roxburgh Park Gorillas,2023/2 Series Futsal  Men,2023/2
124035,527,19,18,9/22/2023 18:45,9/22/2023 20:00,9/22/2023,18:45:00,11,Series Futsal Arena,,,,1,18,19,7,2,3,0,Completed,10,no,no,FALSE,NULL,FALSE,no,0,0,Altona Knights FC,Moreland Blues FC,2023/2 Series Futsal  Men,2023/2
124036,527,331,325,9/22/2023 20:00,9/22/2023 21:15,9/22/2023,20:00:00,11,Series Futsal Arena,,,,1,325,331,6,5,3,0,Completed,10,no,no,FALSE,NULL,FALSE,no,0,0,Hume FC,Roxburgh Park Gorillas,2023/2 Series Futsal  Men,2023/2
124037,527,17,21,9/22/2023 21:15,9/22/2023 22:30,9/22/2023,21:15:00,11,Series Futsal Arena,,,,1,17,21,4,1,3,0,Completed,10,no,no,FALSE,NULL,FALSE,no,0,0,Fitzroy FC,Campbellfield FC,2023/2 Series Futsal  Men,2023/2
124038,527,322,22,9/22/2023 22:30,9/22/2023 23:45,9/22/2023,22:30:00,11,Series Futsal Arena,,,,1,322,22,11,3,3,0,Completed,10,no,no,FALSE,NULL,FALSE,no,0,0,Metropolitan FC,FC Carlton Heart,2023/2 Series Futsal  Men,2023/2
124039,527,22,18,9/29/2023 18:45,9/29/2023 20:00,9/29/2023,18:45:00,11,Series Futsal Arena,,,,1,18,22,6,2,3,0,Completed,11,no,no,FALSE,NULL,FALSE,no,0,0,FC Carlton Heart,Moreland Blues FC,2023/2 Series Futsal  Men,2023/2
124040,527,19,331,9/29/2023 20:00,9/29/2023 21:15,9/29/2023,20:00:00,11,Series Futsal Arena,,,,1,331,19,6,4,3,0,Completed,11,no,no,FALSE,NULL,FALSE,no,0,0,Altona Knights FC,Hume FC,2023/2 Series Futsal  Men,2023/2
124041,527,325,17,9/29/2023 21:15,9/29/2023 22:30,9/29/2023,21:15:00,11,Series Futsal Arena,,,,1,17,325,5,2,3,0,Completed,11,no,no,FALSE,NULL,FALSE,no,0,0,Roxburgh Park Gorillas,Fitzroy FC,2023/2 Series Futsal  Men,2023/2
124042,527,322,21,9/29/2023 22:30,9/29/2023 23:45,9/29/2023,22:30:00,11,Series Futsal Arena,,,,1,21,322,8,4,3,0,Completed,11,no,no,FALSE,NULL,FALSE,no,0,0,Metropolitan FC,Campbellfield FC,2023/2 Series Futsal  Men,2023/2
124043,527,19,322,10/6/2023 18:45,10/6/2023 20:00,10/6/2023,18:45:00,11,Series Futsal Arena,,,,1,19,322,8,4,3,0,Completed,12,no,no,FALSE,NULL,FALSE,no,0,0,Altona Knights FC,Metropolitan FC,2023/2 Series Futsal  Men,2023/2
124044,527,17,331,10/6/2023 20:00,10/6/2023 21:15,10/6/2023,20:00:00,11,Series Futsal Arena,,,,1,17,331,7,1,3,0,Completed,12,no,no,FALSE,NULL,FALSE,no,0,0,Fitzroy FC,Hume FC,2023/2 Series Futsal  Men,2023/2
124045,527,18,21,10/6/2023 21:15,10/6/2023 22:30,10/6/2023,21:15:00,11,Series Futsal Arena,,,,1,18,21,4,2,3,0,Completed,12,no,no,FALSE,NULL,FALSE,no,0,0,Moreland Blues FC,Campbellfield FC,2023/2 Series Futsal  Men,2023/2
124046,527,325,22,10/6/2023 22:30,10/6/2023 23:45,10/6/2023,22:30:00,11,Series Futsal Arena,,,,1,22,325,3,0,3,0,Completed,12,no,no,FALSE,NULL,FALSE,no,0,0,Roxburgh Park Gorillas,FC Carlton Heart,2023/2 Series Futsal  Men,2023/2
124047,527,322,325,10/13/2023 18:45,10/13/2023 20:00,10/13/2023,18:45:00,11,Series Futsal Arena,,,,1,322,325,8,4,3,0,Completed,13,no,no,FALSE,NULL,FALSE,no,0,0,Metropolitan FC,Roxburgh Park Gorillas,2023/2 Series Futsal  Men,2023/2
124048,527,22,17,10/13/2023 20:00,10/13/2023 21:15,10/13/2023,20:00:00,11,Series Futsal Arena,,,,1,17,22,8,4,3,0,Completed,13,no,no,FALSE,NULL,FALSE,no,0,0,FC Carlton Heart,Fitzroy FC,2023/2 Series Futsal  Men,2023/2
124049,527,18,331,10/13/2023 21:15,10/13/2023 22:30,10/13/2023,21:15:00,11,Series Futsal Arena,,,,1,18,331,6,2,3,0,Completed,13,no,no,FALSE,NULL,FALSE,no,0,0,Moreland Blues FC,Hume FC,2023/2 Series Futsal  Men,2023/2
124050,527,21,19,10/13/2023 22:30,10/13/2023 23:45,10/13/2023,22:30:00,11,Series Futsal Arena,,,,1,21,19,8,5,3,0,Completed,13,no,no,FALSE,NULL,FALSE,no,0,0,Campbellfield FC,Altona Knights FC,2023/2 Series Futsal  Men,2023/2
124051,527,21,22,10/20/2023 18:45,10/20/2023 20:00,10/20/2023,18:45:00,11,Series Futsal Arena,,,,1,22,21,5,4,3,0,Completed,14,no,no,FALSE,NULL,FALSE,no,0,0,Campbellfield FC,FC Carlton Heart,2023/2 Series Futsal  Men,2023/2
124052,527,325,19,10/20/2023 20:00,10/20/2023 21:15,10/20/2023,20:00:00,11,Series Futsal Arena,,,,1,19,325,9,3,3,0,Completed,14,no,no,FALSE,NULL,FALSE,no,0,0,Roxburgh Park Gorillas,Altona Knights FC,2023/2 Series Futsal  Men,2023/2
124053,527,17,18,10/20/2023 21:15,10/20/2023 22:30,10/20/2023,21:15:00,11,Series Futsal Arena,,,,1,17,18,4,1,3,0,Completed,14,no,no,FALSE,NULL,FALSE,no,0,0,Fitzroy FC,Moreland Blues FC,2023/2 Series Futsal  Men,2023/2
124054,527,331,322,10/20/2023 22:30,10/20/2023 23:45,10/20/2023,22:30:00,11,Series Futsal Arena,,,,1,331,322,8,4,3,0,Completed,14,no,no,FALSE,NULL,FALSE,no,0,0,Hume FC,Metropolitan FC,2023/2 Series Futsal  Men,2023/2
124055,527,18,325,10/27/2023 18:45,10/27/2023 20:00,10/27/2023,18:45:00,11,Series Futsal Arena,,,,1,18,325,12,0,3,0,Completed,15,no,no,FALSE,NULL,FALSE,no,0,0,Moreland Blues FC,Roxburgh Park Gorillas,2023/2 Series Futsal  Men,2023/2
124056,527,21,331,10/27/2023 20:00,10/27/2023 21:15,10/27/2023,20:00:00,11,Series Futsal Arena,,,,1,21,331,4,3,0,0,Completed,15,no,no,FALSE,NULL,FALSE,no,0,0,Campbellfield FC,Hume FC,2023/2 Series Futsal  Men,2023/2
124057,527,22,19,10/27/2023 21:15,10/27/2023 22:30,10/27/2023,21:15:00,11,Series Futsal Arena,,,,1,22,19,6,1,3,0,Completed,15,no,no,FALSE,NULL,FALSE,no,0,0,FC Carlton Heart,Altona Knights FC,2023/2 Series Futsal  Men,2023/2
124058,527,322,17,10/27/2023 22:30,10/27/2023 23:45,10/27/2023,22:30:00,11,Series Futsal Arena,,,,1,17,322,17,5,3,0,Completed,15,no,no,FALSE,NULL,FALSE,no,0,0,Metropolitan FC,Fitzroy FC,2023/2 Series Futsal  Men,2023/2
124059,527,17,19,11/3/2023 18:45,11/3/2023 20:00,11/3/2023,18:45:00,11,Series Futsal Arena,,,,1,17,19,6,2,3,0,Completed,16,no,no,FALSE,NULL,FALSE,no,0,0,Fitzroy FC,Altona Knights FC,2023/2 Series Futsal  Men,2023/2
124060,527,331,22,11/3/2023 20:00,11/3/2023 21:15,11/3/2023,20:00:00,11,Series Futsal Arena,,,,1,331,22,5,4,3,0,Completed,16,no,no,FALSE,NULL,FALSE,no,0,0,Hume FC,FC Carlton Heart,2023/2 Series Futsal  Men,2023/2
124061,527,325,21,11/3/2023 21:15,11/3/2023 22:30,11/3/2023,21:15:00,11,Series Futsal Arena,,,,1,21,325,9,3,3,0,Completed,16,no,no,FALSE,NULL,FALSE,no,0,0,Roxburgh Park Gorillas,Campbellfield FC,2023/2 Series Futsal  Men,2023/2
124062,527,18,322,11/3/2023 22:30,11/3/2023 23:45,11/3/2023,22:30:00,11,Series Futsal Arena,,,,1,18,322,17,3,3,0,Completed,16,no,no,FALSE,NULL,FALSE,no,0,0,Moreland Blues FC,Metropolitan FC,2023/2 Series Futsal  Men,2023/2
124063,527,22,322,11/10/2023 18:45,11/10/2023 20:00,11/10/2023,18:45:00,11,Series Futsal Arena,,,,1,22,322,10,3,3,0,Completed,17,no,no,FALSE,NULL,FALSE,no,0,0,FC Carlton Heart,Metropolitan FC,2023/2 Series Futsal  Men,2023/2
124064,527,325,331,11/10/2023 20:00,11/10/2023 21:15,11/10/2023,20:00:00,11,Series Futsal Arena,,,,1,331,325,4,3,0,0,Completed,17,no,no,FALSE,NULL,FALSE,no,0,0,Roxburgh Park Gorillas,Hume FC,2023/2 Series Futsal  Men,2023/2
124065,527,21,17,11/10/2023 21:15,11/10/2023 22:30,11/10/2023,21:15:00,11,Series Futsal Arena,,,,1,17,21,4,2,3,0,Completed,17,no,no,FALSE,NULL,FALSE,no,0,0,Campbellfield FC,Fitzroy FC,2023/2 Series Futsal  Men,2023/2
124066,527,18,19,11/10/2023 22:30,11/10/2023 23:45,11/10/2023,22:30:00,11,Series Futsal Arena,,,,1,18,19,9,2,3,0,Completed,17,no,no,FALSE,NULL,FALSE,no,0,0,Moreland Blues FC,Altona Knights FC,2023/2 Series Futsal  Men,2023/2
124067,527,325,17,11/17/2023 19:00,11/17/2023 20:15,11/17/2023,19:00:00,11,Series Futsal Arena,,,,1,17,325,18,2,3,0,Completed,18,no,no,FALSE,NULL,FALSE,no,0,0,Roxburgh Park Gorillas,Fitzroy FC,2023/2 Series Futsal  Men,2023/2
124068,527,331,19,11/17/2023 20:15,11/17/2023 21:30,11/17/2023,20:15:00,11,Series Futsal Arena,,,,1,331,19,5,4,0,0,Completed,18,no,no,FALSE,NULL,FALSE,no,0,0,Hume FC,Altona Knights FC,2023/2 Series Futsal  Men,2023/2
124069,527,21,322,11/17/2023 21:30,11/17/2023 22:45,11/17/2023,21:30:00,11,Series Futsal Arena,,,,1,21,322,10,7,3,0,Completed,18,no,no,FALSE,NULL,FALSE,no,0,0,Campbellfield FC,Metropolitan FC,2023/2 Series Futsal  Men,2023/2
124070,527,18,22,11/28/2023 19:30,11/28/2023 20:45,11/28/2023,19:30:00,11,Series Futsal Arena,,,,1,22,18,5,4,3,0,Completed,18,no,no,FALSE,NULL,FALSE,no,0,0,Moreland Blues FC,FC Carlton Heart,2023/2 Series Futsal  Men,2023/2
124071,527,322,19,11/24/2023 18:45,11/24/2023 20:00,11/24/2023,18:45:00,11,Series Futsal Arena,,,,1,19,322,7,5,3,0,Completed,19,no,no,FALSE,NULL,FALSE,no,0,0,Metropolitan FC,Altona Knights FC,2023/2 Series Futsal  Men,2023/2
124072,527,331,17,11/24/2023 20:00,11/24/2023 21:15,11/24/2023,20:00:00,11,Series Futsal Arena,,,,1,17,331,2,1,3,0,Completed,19,no,no,FALSE,NULL,FALSE,no,0,0,Hume FC,Fitzroy FC,2023/2 Series Futsal  Men,2023/2
124073,527,21,18,11/24/2023 21:15,11/24/2023 22:30,11/24/2023,21:15:00,11,Series Futsal Arena,,,,1,18,21,7,2,3,0,Completed,19,no,no,FALSE,NULL,FALSE,no,0,0,Campbellfield FC,Moreland Blues FC,2023/2 Series Futsal  Men,2023/2
124074,527,22,325,11/24/2023 22:30,11/24/2023 23:45,11/24/2023,22:30:00,11,Series Futsal Arena,,,,1,22,325,7,6,3,0,Completed,19,no,no,FALSE,NULL,FALSE,no,0,0,FC Carlton Heart,Roxburgh Park Gorillas,2023/2 Series Futsal  Men,2023/2
124075,527,17,22,12/1/2023 18:45,12/1/2023 20:00,12/1/2023,18:45:00,11,Series Futsal Arena,,,,1,17,22,8,2,3,0,Completed,20,no,no,FALSE,NULL,FALSE,no,0,0,Fitzroy FC,FC Carlton Heart,2023/2 Series Futsal  Men,2023/2
124076,527,325,322,12/1/2023 20:00,12/1/2023 21:15,12/1/2023,20:00:00,11,Series Futsal Arena,,,,1,325,322,6,5,3,0,Completed,20,no,no,FALSE,NULL,FALSE,no,0,0,Roxburgh Park Gorillas,Metropolitan FC,2023/2 Series Futsal  Men,2023/2
124077,527,331,18,12/1/2023 21:15,12/1/2023 22:30,12/1/2023,21:15:00,11,Series Futsal Arena,,,,1,18,331,6,1,3,0,Completed,20,no,no,FALSE,NULL,FALSE,no,0,0,Hume FC,Moreland Blues FC,2023/2 Series Futsal  Men,2023/2
124078,527,19,21,12/1/2023 22:30,12/1/2023 23:45,12/1/2023,22:30:00,11,Series Futsal Arena,,,,1,21,19,6,4,3,0,Completed,20,no,no,FALSE,NULL,FALSE,no,0,0,Altona Knights FC,Campbellfield FC,2023/2 Series Futsal  Men,2023/2
124079,527,19,325,12/8/2023 18:45,12/8/2023 20:00,12/8/2023,18:45:00,11,Series Futsal Arena,,,,1,19,325,8,2,3,0,Completed,21,no,no,FALSE,NULL,FALSE,no,0,0,Altona Knights FC,Roxburgh Park Gorillas,2023/2 Series Futsal  Men,2023/2
124080,527,22,21,12/8/2023 20:00,12/8/2023 21:15,12/8/2023,20:00:00,11,Series Futsal Arena,,,,1,21,22,7,3,3,0,Completed,21,no,no,FALSE,NULL,FALSE,no,0,0,FC Carlton Heart,Campbellfield FC,2023/2 Series Futsal  Men,2023/2
124081,527,17,18,12/8/2023 21:15,12/8/2023 22:30,12/8/2023,21:15:00,11,Series Futsal Arena,,,,1,18,17,4,3,3,0,Completed,21,no,no,FALSE,NULL,FALSE,no,0,0,Fitzroy FC,Moreland Blues FC,2023/2 Series Futsal  Men,2023/2
124082,527,322,331,12/8/2023 22:30,12/8/2023 23:45,12/8/2023,22:30:00,11,Series Futsal Arena,,,,1,331,322,6,5,0,0,Completed,21,no,yes,FALSE,NULL,FALSE,no,0,0,Metropolitan FC,Hume FC,2023/2 Series Futsal  Men,2023/2
147814,627,17,20,1/19/2024 18:45,1/19/2024 20:15,1/19/2024,18:45:00,11,Series Futsal Arena,,,,1,17,20,4,2,3,0,Completed,1,yes,no,FALSE,NULL,FALSE,no,0,0,Fitzroy FC,Western United FC,2024.1 Series Futsal  Men,2024.1
147815,627,22,331,1/19/2024 20:15,1/19/2024 21:45,1/19/2024,20:15:00,11,Series Futsal Arena,,,,1,22,331,8,4,3,0,Completed,1,yes,no,FALSE,NULL,FALSE,no,0,0,FC Carlton Heart,Hume FC,2024.1 Series Futsal  Men,2024.1
147816,627,19,355,1/19/2024 21:45,1/19/2024 23:15,1/19/2024,21:45:00,11,Series Futsal Arena,,,,1,355,19,4,2,3,0,Completed,1,no,no,FALSE,NULL,FALSE,no,0,0,Altona Knights FC,Western City FC ,2024.1 Series Futsal  Men,2024.1
147818,627,18,355,1/23/2024 20:00,1/23/2024 21:30,1/23/2024,20:00:00,11,Series Futsal Arena,,,,1,18,355,2,0,3,0,Completed,2,no,no,FALSE,NULL,FALSE,no,0,0,Moreland Blues FC,Western City FC ,2024.1 Series Futsal  Men,2024.1
147819,627,19,22,1/26/2024 19:00,1/26/2024 20:30,1/26/2024,19:00:00,11,Series Futsal Arena,,,,1,19,22,3,1,3,0,Completed,2,no,no,FALSE,NULL,FALSE,no,0,0,Altona Knights FC,FC Carlton Heart,2024.1 Series Futsal  Men,2024.1
147820,627,331,17,1/26/2024 20:30,1/26/2024 22:00,1/26/2024,20:30:00,11,Series Futsal Arena,,,,1,17,331,2,1,3,0,Completed,2,no,no,FALSE,NULL,FALSE,no,0,0,Hume FC,Fitzroy FC,2024.1 Series Futsal  Men,2024.1
147822,627,20,331,2/2/2024 18:45,2/2/2024 20:15,2/2/2024,18:45:00,11,Series Futsal Arena,,,,1,20,331,7,5,3,0,Completed,3,no,no,FALSE,NULL,FALSE,no,0,0,Western United FC,Hume FC,2024.1 Series Futsal  Men,2024.1
147823,627,22,355,2/2/2024 20:15,2/2/2024 21:45,2/2/2024,20:15:00,11,Series Futsal Arena,,,,1,22,355,7,0,3,0,Completed,3,no,no,FALSE,NULL,FALSE,no,0,0,FC Carlton Heart,Western City FC ,2024.1 Series Futsal  Men,2024.1
147824,627,18,19,2/2/2024 21:45,2/2/2024 23:15,2/2/2024,21:45:00,11,Series Futsal Arena,,,,1,18,19,2,1,3,0,Completed,3,no,no,FALSE,NULL,FALSE,no,0,0,Moreland Blues FC,Altona Knights FC,2024.1 Series Futsal  Men,2024.1
147826,627,355,331,2/9/2024 18:45,2/9/2024 20:15,2/9/2024,18:45:00,11,Series Futsal Arena,,,,1,355,331,3,2,0,0,Completed,4,no,no,FALSE,NULL,FALSE,no,0,0,Western City FC ,Hume FC,2024.1 Series Futsal  Men,2024.1
147827,627,18,20,2/9/2024 20:15,2/9/2024 21:45,2/9/2024,20:15:00,11,Series Futsal Arena,,,,1,18,20,1,0,3,0,Completed,4,no,no,FALSE,NULL,FALSE,no,0,0,Moreland Blues FC,Western United FC,2024.1 Series Futsal  Men,2024.1
147828,627,17,22,2/9/2024 21:45,2/9/2024 23:15,2/9/2024,21:45:00,11,Series Futsal Arena,,,,1,17,22,3,0,3,0,Completed,4,no,no,FALSE,NULL,FALSE,no,0,0,Fitzroy FC,FC Carlton Heart,2024.1 Series Futsal  Men,2024.1
147830,627,19,20,2/16/2024 18:45,2/16/2024 20:15,2/16/2024,18:45:00,11,Series Futsal Arena,,,,1,19,20,5,4,3,0,Completed,5,no,no,FALSE,NULL,FALSE,no,0,0,Altona Knights FC,Western United FC,2024.1 Series Futsal  Men,2024.1
147831,627,18,331,2/16/2024 20:15,2/16/2024 21:45,2/16/2024,20:15:00,11,Series Futsal Arena,,,,1,18,331,8,0,3,0,Completed,5,no,no,FALSE,NULL,FALSE,no,0,0,Moreland Blues FC,Hume FC,2024.1 Series Futsal  Men,2024.1
147832,627,17,355,2/16/2024 21:45,2/16/2024 23:15,2/16/2024,21:45:00,11,Series Futsal Arena,,,,1,17,355,2,1,3,0,Completed,5,no,no,FALSE,NULL,FALSE,no,0,0,Fitzroy FC,Western City FC ,2024.1 Series Futsal  Men,2024.1
147834,627,17,19,2/23/2024 18:45,2/23/2024 20:15,2/23/2024,18:45:00,11,Series Futsal Arena,,,,1,17,19,1,0,3,0,Completed,6,no,no,FALSE,NULL,FALSE,no,0,0,Fitzroy FC,Altona Knights FC,2024.1 Series Futsal  Men,2024.1
147835,627,355,20,2/23/2024 20:15,2/23/2024 21:45,2/23/2024,20:15:00,11,Series Futsal Arena,,,,1,355,20,3,2,3,0,Completed,6,no,no,FALSE,NULL,FALSE,no,0,0,Western City FC ,Western United FC,2024.1 Series Futsal  Men,2024.1
147836,627,18,22,2/23/2024 21:45,2/23/2024 23:15,2/23/2024,21:45:00,11,Series Futsal Arena,,,,1,18,22,5,2,3,0,Completed,6,no,no,FALSE,NULL,FALSE,no,0,0,Moreland Blues FC,FC Carlton Heart,2024.1 Series Futsal  Men,2024.1
147838,627,22,20,3/1/2024 18:45,3/1/2024 20:15,3/1/2024,18:45:00,11,Series Futsal Arena,,,,1,20,22,7,1,3,0,Completed,7,no,no,FALSE,NULL,FALSE,no,0,0,FC Carlton Heart,Western United FC,2024.1 Series Futsal  Men,2024.1
147839,627,18,17,3/1/2024 20:15,3/1/2024 21:45,3/1/2024,20:15:00,11,Series Futsal Arena,,,,1,17,18,4,3,3,0,Completed,7,no,no,FALSE,NULL,FALSE,no,0,0,Moreland Blues FC,Fitzroy FC,2024.1 Series Futsal  Men,2024.1
147840,627,331,19,3/1/2024 21:45,3/1/2024 23:15,3/1/2024,21:45:00,11,Series Futsal Arena,,,,1,331,19,4,3,3,0,Completed,7,no,no,FALSE,NULL,FALSE,no,0,0,Hume FC,Altona Knights FC,2024.1 Series Futsal  Men,2024.1
147842,627,331,22,3/8/2024 18:45,3/8/2024 20:15,3/8/2024,18:45:00,11,Series Futsal Arena,,,,1,331,22,6,4,3,0,Completed,8,no,no,FALSE,NULL,FALSE,no,0,0,Hume FC,FC Carlton Heart,2024.1 Series Futsal  Men,2024.1
147843,627,355,19,3/8/2024 20:15,3/8/2024 21:45,3/8/2024,20:15:00,11,Series Futsal Arena,,,,1,355,19,4,3,3,0,Completed,8,no,no,FALSE,NULL,FALSE,no,0,0,Western City FC ,Altona Knights FC,2024.1 Series Futsal  Men,2024.1
147844,627,20,17,3/8/2024 21:45,3/8/2024 23:15,3/8/2024,21:45:00,11,Series Futsal Arena,,,,1,17,20,8,4,3,0,Completed,8,no,no,FALSE,NULL,FALSE,no,0,0,Western United FC,Fitzroy FC,2024.1 Series Futsal  Men,2024.1
147846,627,22,19,3/15/2024 18:45,3/15/2024 20:15,3/15/2024,18:45:00,11,Series Futsal Arena,,,,1,22,19,3,2,0,0,Completed,9,no,no,FALSE,NULL,FALSE,no,0,0,FC Carlton Heart,Altona Knights FC,2024.1 Series Futsal  Men,2024.1
147847,627,355,18,3/15/2024 20:15,3/15/2024 21:45,3/15/2024,20:15:00,11,Series Futsal Arena,,,,1,18,355,6,3,3,0,Completed,9,no,no,FALSE,NULL,FALSE,no,0,0,Western City FC ,Moreland Blues FC,2024.1 Series Futsal  Men,2024.1
147848,627,17,331,3/15/2024 21:45,3/15/2024 23:15,3/15/2024,21:45:00,11,Series Futsal Arena,,,,1,17,331,5,2,3,0,Completed,9,no,no,FALSE,NULL,FALSE,no,0,0,Fitzroy FC,Hume FC,2024.1 Series Futsal  Men,2024.1
147850,627,355,22,3/22/2024 18:45,3/22/2024 20:15,3/22/2024,18:45:00,11,Series Futsal Arena,,,,1,22,355,5,4,0,0,Completed,10,no,no,FALSE,NULL,FALSE,no,0,0,Western City FC ,FC Carlton Heart,2024.1 Series Futsal  Men,2024.1
147851,627,19,18,3/22/2024 20:15,3/22/2024 21:45,3/22/2024,20:15:00,11,Series Futsal Arena,,,,1,18,19,5,1,3,0,Completed,10,no,no,FALSE,NULL,FALSE,no,0,0,Altona Knights FC,Moreland Blues FC,2024.1 Series Futsal  Men,2024.1
147852,627,331,20,3/22/2024 21:45,3/22/2024 23:15,3/22/2024,21:45:00,11,Series Futsal Arena,,,,1,331,20,5,4,0,0,Completed,10,no,no,FALSE,NULL,FALSE,no,0,0,Hume FC,Western United FC,2024.1 Series Futsal  Men,2024.1
147854,627,18,20,4/5/2024 18:45,4/5/2024 20:15,4/5/2024,18:45:00,11,Series Futsal Arena,,,,1,18,20,5,2,3,0,Completed,11,no,no,FALSE,NULL,FALSE,no,0,0,Moreland Blues FC,Western United FC,2024.1 Series Futsal  Men,2024.1
147855,627,22,17,4/5/2024 20:15,4/5/2024 21:45,4/5/2024,20:15:00,11,Series Futsal Arena,,,,1,17,22,10,4,3,0,Completed,11,no,no,FALSE,NULL,FALSE,no,0,0,FC Carlton Heart,Fitzroy FC,2024.1 Series Futsal  Men,2024.1
147856,627,331,355,4/5/2024 21:45,4/5/2024 23:15,4/5/2024,21:45:00,11,Series Futsal Arena,,,,1,331,355,2,1,3,0,Completed,11,no,no,FALSE,NULL,FALSE,no,0,0,Hume FC,Western City FC ,2024.1 Series Futsal  Men,2024.1
147858,627,19,20,4/12/2024 18:45,4/12/2024 20:15,4/12/2024,18:45:00,11,Series Futsal Arena,,,,1,19,20,7,4,3,0,Completed,12,no,no,FALSE,NULL,FALSE,no,0,0,Altona Knights FC,Western United FC,2024.1 Series Futsal  Men,2024.1
147859,627,355,17,4/12/2024 20:15,4/12/2024 21:45,4/12/2024,20:15:00,11,Series Futsal Arena,,,,1,17,355,6,2,3,0,Completed,12,no,no,FALSE,NULL,FALSE,no,0,0,Western City FC ,Fitzroy FC,2024.1 Series Futsal  Men,2024.1
147860,627,331,18,4/12/2024 21:45,4/12/2024 23:15,4/12/2024,21:45:00,11,Series Futsal Arena,,,,1,18,331,4,2,3,0,Completed,12,no,no,FALSE,NULL,FALSE,no,0,0,Hume FC,Moreland Blues FC,2024.1 Series Futsal  Men,2024.1
147862,627,22,18,4/19/2024 18:45,4/19/2024 20:15,4/19/2024,18:45:00,11,Series Futsal Arena,,,,1,18,22,7,4,3,0,Completed,13,no,no,FALSE,NULL,FALSE,no,0,0,FC Carlton Heart,Moreland Blues FC,2024.1 Series Futsal  Men,2024.1
147863,627,20,355,4/19/2024 20:15,4/19/2024 21:45,4/19/2024,20:15:00,11,Series Futsal Arena,,,,1,20,355,5,4,3,0,Completed,13,no,no,FALSE,NULL,FALSE,no,0,0,Western United FC,Western City FC ,2024.1 Series Futsal  Men,2024.1
147864,627,19,17,4/19/2024 21:45,4/19/2024 23:15,4/19/2024,21:45:00,11,Series Futsal Arena,,,,1,17,19,5,2,3,0,Completed,13,no,no,FALSE,NULL,FALSE,no,0,0,Altona Knights FC,Fitzroy FC,2024.1 Series Futsal  Men,2024.1
147866,627,331,19,4/26/2024 18:45,4/26/2024 20:15,4/26/2024,18:45:00,11,Series Futsal Arena,,,,1,19,331,6,4,3,0,Completed,14,no,no,FALSE,NULL,FALSE,no,0,0,Hume FC,Altona Knights FC,2024.1 Series Futsal  Men,2024.1
147867,627,18,17,4/26/2024 20:15,4/26/2024 21:45,4/26/2024,20:15:00,11,Series Futsal Arena,,,,1,17,18,2,1,0,0,Completed,14,no,no,FALSE,NULL,FALSE,no,0,0,Moreland Blues FC,Fitzroy FC,2024.1 Series Futsal  Men,2024.1
147868,627,22,20,4/26/2024 21:45,4/26/2024 23:15,4/26/2024,21:45:00,11,Series Futsal Arena,,,,1,20,22,9,0,3,0,Completed,14,no,no,FALSE,NULL,FALSE,no,0,0,FC Carlton Heart,Western United FC,2024.1 Series Futsal  Men,2024.1
147870,627,19,355,5/3/2024 18:45,5/3/2024 20:15,5/3/2024,18:45:00,11,Series Futsal Arena,,,,1,355,19,3,2,3,0,Completed,15,no,no,FALSE,NULL,FALSE,no,0,0,Altona Knights FC,Western City FC ,2024.1 Series Futsal  Men,2024.1
147871,627,17,20,5/3/2024 20:15,5/3/2024 21:45,5/3/2024,20:15:00,11,Series Futsal Arena,,,,1,17,20,8,1,3,0,Completed,15,no,no,FALSE,NULL,FALSE,no,0,0,Fitzroy FC,Western United FC,2024.1 Series Futsal  Men,2024.1
147872,627,22,331,5/3/2024 21:45,5/3/2024 23:15,5/3/2024,21:45:00,11,Series Futsal Arena,,,,1,331,22,6,4,3,0,Completed,15,no,no,FALSE,NULL,FALSE,no,0,0,FC Carlton Heart,Hume FC,2024.1 Series Futsal  Men,2024.1
147874,627,18,355,5/10/2024 18:45,5/10/2024 20:15,5/10/2024,18:45:00,11,Series Futsal Arena,,,,1,18,355,7,0,3,0,Completed,16,no,no,FALSE,NULL,FALSE,no,0,0,Moreland Blues FC,Western City FC ,2024.1 Series Futsal  Men,2024.1
147875,627,331,17,5/10/2024 20:15,5/10/2024 21:45,5/10/2024,20:15:00,11,Series Futsal Arena,,,,1,17,331,8,3,3,0,Completed,16,no,no,FALSE,NULL,FALSE,no,0,0,Hume FC,Fitzroy FC,2024.1 Series Futsal  Men,2024.1
147876,627,19,22,5/10/2024 21:45,5/10/2024 23:15,5/10/2024,21:45:00,11,Series Futsal Arena,,,,1,19,22,7,2,3,0,Completed,16,no,no,FALSE,NULL,FALSE,no,0,0,Altona Knights FC,FC Carlton Heart,2024.1 Series Futsal  Men,2024.1
147878,627,22,355,5/17/2024 18:45,5/17/2024 20:15,5/17/2024,18:45:00,11,Series Futsal Arena,,,,1,355,22,4,1,3,0,Completed,17,no,no,FALSE,NULL,FALSE,no,0,0,FC Carlton Heart,Western City FC ,2024.1 Series Futsal  Men,2024.1
147879,627,18,19,5/17/2024 20:15,5/17/2024 21:45,5/17/2024,20:15:00,11,Series Futsal Arena,,,,1,18,19,5,4,3,0,Completed,17,no,no,FALSE,NULL,FALSE,no,0,0,Moreland Blues FC,Altona Knights FC,2024.1 Series Futsal  Men,2024.1
147880,627,20,331,5/17/2024 21:45,5/17/2024 23:15,5/17/2024,21:45:00,11,Series Futsal Arena,,,,1,331,20,6,4,3,0,Completed,17,no,no,FALSE,NULL,FALSE,no,0,0,Western United FC,Hume FC,2024.1 Series Futsal  Men,2024.1
147882,627,17,22,5/24/2024 18:45,5/24/2024 20:15,5/24/2024,18:45:00,11,Series Futsal Arena,,,,1,17,22,14,0,3,0,Completed,18,no,no,FALSE,NULL,FALSE,no,0,0,Fitzroy FC,FC Carlton Heart,2024.1 Series Futsal  Men,2024.1
147883,627,18,20,5/24/2024 20:15,5/24/2024 21:45,5/24/2024,20:15:00,11,Series Futsal Arena,,,,1,20,18,6,5,3,0,Completed,18,no,no,FALSE,NULL,FALSE,no,0,0,Moreland Blues FC,Western United FC,2024.1 Series Futsal  Men,2024.1
147884,627,355,331,5/24/2024 21:45,5/24/2024 23:15,5/24/2024,21:45:00,11,Series Futsal Arena,,,,1,355,331,4,3,3,0,Completed,18,no,no,FALSE,NULL,FALSE,no,0,0,Western City FC ,Hume FC,2024.1 Series Futsal  Men,2024.1
147886,627,19,20,5/31/2024 18:45,5/31/2024 20:15,5/31/2024,18:45:00,11,Series Futsal Arena,,,,1,19,20,6,4,3,0,Completed,19,no,no,FALSE,NULL,FALSE,no,0,0,Altona Knights FC,Western United FC,2024.1 Series Futsal  Men,2024.1
147887,627,17,355,5/31/2024 20:15,5/31/2024 21:45,5/31/2024,20:15:00,11,Series Futsal Arena,,,,1,17,355,8,1,3,0,Completed,19,no,no,FALSE,NULL,FALSE,no,0,0,Fitzroy FC,Western City FC ,2024.1 Series Futsal  Men,2024.1
147888,627,18,331,5/31/2024 21:45,5/31/2024 23:15,5/31/2024,21:45:00,11,Series Futsal Arena,,,,1,18,331,9,2,3,0,Completed,19,no,no,FALSE,NULL,FALSE,no,0,0,Moreland Blues FC,Hume FC,2024.1 Series Futsal  Men,2024.1
147890,627,18,22,6/7/2024 18:45,6/7/2024 20:15,6/7/2024,18:45:00,11,Series Futsal Arena,,,,1,18,22,6,4,3,0,Completed,20,no,no,FALSE,NULL,FALSE,no,0,0,Moreland Blues FC,FC Carlton Heart,2024.1 Series Futsal  Men,2024.1
147891,627,355,20,6/7/2024 20:15,6/7/2024 21:45,6/7/2024,20:15:00,11,Series Futsal Arena,,,,1,355,20,8,1,3,0,Completed,20,no,no,FALSE,NULL,FALSE,no,0,0,Western City FC ,Western United FC,2024.1 Series Futsal  Men,2024.1
147892,627,17,19,6/7/2024 21:45,6/7/2024 23:15,6/7/2024,21:45:00,11,Series Futsal Arena,,,,1,17,19,16,6,3,0,Completed,20,no,no,FALSE,NULL,FALSE,no,0,0,Fitzroy FC,Altona Knights FC,2024.1 Series Futsal  Men,2024.1
147894,627,18,17,6/14/2024 18:45,6/14/2024 20:15,6/14/2024,18:45:00,11,Series Futsal Arena,,,,1,17,18,1,0,3,0,Completed,21,no,no,FALSE,NULL,FALSE,no,0,0,Moreland Blues FC,Fitzroy FC,2024.1 Series Futsal  Men,2024.1
147895,627,22,20,6/14/2024 20:15,6/14/2024 21:45,6/14/2024,20:15:00,11,Series Futsal Arena,,,,1,20,22,10,6,3,0,Completed,21,no,no,FALSE,NULL,FALSE,no,0,0,FC Carlton Heart,Western United FC,2024.1 Series Futsal  Men,2024.1
147896,627,331,19,6/14/2024 21:45,6/14/2024 23:15,6/14/2024,21:45:00,11,Series Futsal Arena,,,,1,19,331,7,5,3,0,Completed,21,no,no,FALSE,NULL,FALSE,no,0,0,Hume FC,Altona Knights FC,2024.1 Series Futsal  Men,2024.1
174671,725,20,17,7/19/2024 19:00,7/19/2024 20:15,7/19/2024,19:00:00,11,Series Futsal Arena,,,,1,17,20,4,1,3,0,Completed,1,no,no,FALSE,NULL,,no,0,0,Western United FC,Fitzroy FC,2024.2 Series Futsal  Men,2024.2
174672,725,19,18,7/19/2024 21:30,7/19/2024 22:45,7/19/2024,21:30:00,11,Series Futsal Arena,,,,1,18,19,6,1,3,0,Completed,1,no,no,FALSE,NULL,,no,0,0,Altona Knights FC,Moreland Blues FC,2024.2 Series Futsal  Men,2024.2
174673,725,331,355,7/19/2024 20:15,7/19/2024 21:30,7/19/2024,20:15:00,11,Series Futsal Arena,,,,1,331,355,7,6,3,0,Completed,1,no,no,FALSE,NULL,,no,0,0,Hume FC,Western City FC ,2024.2 Series Futsal  Men,2024.2
174675,725,19,331,7/26/2024 19:00,7/26/2024 20:15,7/26/2024,19:00:00,11,Series Futsal Arena,,,,1,19,331,4,3,3,0,Completed,2,no,no,FALSE,NULL,,no,0,0,Altona Knights FC,Hume FC,2024.2 Series Futsal  Men,2024.2
174676,725,16,355,7/26/2024 21:30,7/26/2024 22:45,7/26/2024,21:30:00,11,Series Futsal Arena,,,,1,16,355,8,1,3,0,Completed,2,no,no,FALSE,NULL,,no,0,0,Pascoe Vale FC,Western City FC ,2024.2 Series Futsal  Men,2024.2
174677,725,20,18,7/26/2024 20:15,7/26/2024 21:30,7/26/2024,20:15:00,11,Series Futsal Arena,,,,1,18,20,8,1,3,0,Completed,2,no,no,FALSE,NULL,,no,0,0,Western United FC,Moreland Blues FC,2024.2 Series Futsal  Men,2024.2
174679,725,19,20,8/2/2024 19:00,8/2/2024 20:15,8/2/2024,19:00:00,11,Series Futsal Arena,,,,1,20,19,5,3,3,0,Completed,3,no,no,FALSE,NULL,FALSE,no,0,0,Altona Knights FC,Western United FC,2024.2 Series Futsal  Men,2024.2
174680,725,17,355,8/2/2024 21:30,8/2/2024 22:45,8/2/2024,21:30:00,11,Series Futsal Arena,,,,1,17,355,5,3,3,0,Completed,3,no,no,FALSE,NULL,FALSE,no,0,0,Fitzroy FC,Western City FC ,2024.2 Series Futsal  Men,2024.2
174681,725,16,331,8/2/2024 20:15,8/2/2024 21:30,8/2/2024,20:15:00,11,Series Futsal Arena,,,,1,331,16,4,1,3,0,Completed,3,no,no,FALSE,NULL,FALSE,no,0,0,Pascoe Vale FC,Hume FC,2024.2 Series Futsal  Men,2024.2
174683,725,355,18,8/9/2024 19:00,8/9/2024 20:15,8/9/2024,19:00:00,11,Series Futsal Arena,,,,1,18,355,3,2,3,0,Completed,4,no,no,FALSE,NULL,FALSE,no,0,0,Western City FC ,Moreland Blues FC,2024.2 Series Futsal  Men,2024.2
174684,725,17,331,8/9/2024 21:30,8/9/2024 22:45,8/9/2024,21:30:00,11,Series Futsal Arena,,,,1,17,331,6,1,3,0,Completed,4,no,no,FALSE,NULL,FALSE,no,0,0,Fitzroy FC,Hume FC,2024.2 Series Futsal  Men,2024.2
174685,725,19,16,8/9/2024 20:15,8/9/2024 21:30,8/9/2024,20:15:00,11,Series Futsal Arena,,,,1,16,19,11,4,3,0,Completed,4,no,no,FALSE,NULL,FALSE,no,0,0,Altona Knights FC,Pascoe Vale FC,2024.2 Series Futsal  Men,2024.2
174687,725,355,20,8/16/2024 19:00,8/16/2024 20:15,8/16/2024,19:00:00,11,Series Futsal Arena,,,,1,20,355,9,3,3,0,Completed,5,no,no,FALSE,NULL,FALSE,no,0,0,Western City FC ,Western United FC,2024.2 Series Futsal  Men,2024.2
174688,725,18,331,8/16/2024 21:30,8/16/2024 22:45,8/16/2024,21:30:00,11,Series Futsal Arena,,,,1,18,331,4,2,3,0,Completed,5,no,no,FALSE,NULL,FALSE,no,0,0,Moreland Blues FC,Hume FC,2024.2 Series Futsal  Men,2024.2
174689,725,17,16,8/16/2024 20:15,8/16/2024 21:30,8/16/2024,20:15:00,11,Series Futsal Arena,,,,1,17,16,4,3,3,0,Completed,5,no,no,FALSE,NULL,FALSE,no,0,0,Fitzroy FC,Pascoe Vale FC,2024.2 Series Futsal  Men,2024.2
174691,725,19,17,8/23/2024 19:00,8/23/2024 20:15,8/23/2024,19:00:00,11,Series Futsal Arena,,,,1,17,19,12,3,3,0,Completed,6,no,no,FALSE,NULL,FALSE,no,0,0,Altona Knights FC,Fitzroy FC,2024.2 Series Futsal  Men,2024.2
174692,725,331,20,8/23/2024 21:30,8/23/2024 22:45,8/23/2024,21:30:00,11,Series Futsal Arena,,,,1,20,331,6,1,3,0,Completed,6,no,no,FALSE,NULL,FALSE,no,0,0,Hume FC,Western United FC,2024.2 Series Futsal  Men,2024.2
174693,725,18,16,8/23/2024 20:15,8/23/2024 21:30,8/23/2024,20:15:00,11,Series Futsal Arena,,,,1,18,16,4,3,3,0,Completed,6,no,no,FALSE,NULL,FALSE,no,0,0,Moreland Blues FC,Pascoe Vale FC,2024.2 Series Futsal  Men,2024.2
174695,725,19,355,8/30/2024 19:00,8/30/2024 20:15,8/30/2024,19:00:00,11,Series Futsal Arena,,,,1,355,19,6,4,3,0,Completed,7,no,no,FALSE,NULL,FALSE,no,0,0,Altona Knights FC,Western City FC ,2024.2 Series Futsal  Men,2024.2
174696,725,20,16,8/30/2024 21:30,8/30/2024 22:45,8/30/2024,21:30:00,11,Series Futsal Arena,,,,1,20,16,3,2,0,0,Completed,7,no,no,FALSE,NULL,FALSE,no,0,0,Western United FC,Pascoe Vale FC,2024.2 Series Futsal  Men,2024.2
174697,725,18,17,8/30/2024 20:15,8/30/2024 21:30,8/30/2024,20:15:00,11,Series Futsal Arena,,,,1,17,18,5,1,3,0,Completed,7,no,no,FALSE,NULL,FALSE,no,0,0,Moreland Blues FC,Fitzroy FC,2024.2 Series Futsal  Men,2024.2
174699,725,17,20,9/6/2024 19:00,9/6/2024 20:15,9/6/2024,19:00:00,11,Series Futsal Arena,,,,1,17,20,4,2,3,0,Completed,8,no,no,FALSE,NULL,FALSE,no,0,0,Fitzroy FC,Western United FC,2024.2 Series Futsal  Men,2024.2
174700,725,18,19,9/6/2024 21:30,9/6/2024 22:45,9/6/2024,21:30:00,11,Series Futsal Arena,,,,1,18,19,6,1,3,0,Completed,8,no,no,FALSE,NULL,FALSE,no,0,0,Moreland Blues FC,Altona Knights FC,2024.2 Series Futsal  Men,2024.2
174701,725,355,331,9/6/2024 20:15,9/6/2024 21:30,9/6/2024,20:15:00,11,Series Futsal Arena,,,,1,331,355,6,2,3,0,Completed,8,no,no,FALSE,NULL,FALSE,no,0,0,Western City FC ,Hume FC,2024.2 Series Futsal  Men,2024.2
174703,725,355,16,9/13/2024 19:00,9/13/2024 20:15,9/13/2024,19:00:00,11,Series Futsal Arena,,,,1,16,355,8,1,3,0,Completed,9,no,no,FALSE,NULL,FALSE,no,0,0,Western City FC ,Pascoe Vale FC,2024.2 Series Futsal  Men,2024.2
174704,725,331,19,9/13/2024 21:30,9/13/2024 22:45,9/13/2024,21:30:00,11,Series Futsal Arena,,,,1,19,331,6,4,3,0,Completed,9,no,no,FALSE,NULL,FALSE,no,0,0,Hume FC,Altona Knights FC,2024.2 Series Futsal  Men,2024.2
174705,725,18,20,9/13/2024 20:15,9/13/2024 21:30,9/13/2024,20:15:00,11,Series Futsal Arena,,,,1,20,18,3,2,0,0,Completed,9,no,no,FALSE,NULL,FALSE,no,0,0,Moreland Blues FC,Western United FC,2024.2 Series Futsal  Men,2024.2
174707,725,20,19,9/20/2024 19:00,9/20/2024 20:15,9/20/2024,19:00:00,11,Series Futsal Arena,,,,1,19,20,4,3,0,0,Completed,10,no,no,FALSE,NULL,FALSE,no,0,0,Western United FC,Altona Knights FC,2024.2 Series Futsal  Men,2024.2
174708,725,331,16,9/20/2024 21:30,9/20/2024 22:45,9/20/2024,21:30:00,11,Series Futsal Arena,,,,1,16,331,7,2,3,0,Completed,10,no,no,FALSE,NULL,FALSE,no,0,0,Hume FC,Pascoe Vale FC,2024.2 Series Futsal  Men,2024.2
174709,725,355,17,9/20/2024 20:15,9/20/2024 21:30,9/20/2024,20:15:00,11,Series Futsal Arena,,,,1,17,355,4,1,3,0,Completed,10,no,no,FALSE,NULL,FALSE,no,0,0,Western City FC ,Fitzroy FC,2024.2 Series Futsal  Men,2024.2
174711,725,331,17,9/27/2024 19:00,9/27/2024 20:15,9/27/2024,19:00:00,11,Series Futsal Arena,,,,1,17,331,6,3,3,0,Completed,11,no,no,FALSE,NULL,FALSE,no,0,0,Hume FC,Fitzroy FC,2024.2 Series Futsal  Men,2024.2
174712,725,18,355,9/27/2024 21:30,9/27/2024 22:45,9/27/2024,21:30:00,11,Series Futsal Arena,,,,1,18,355,8,4,3,0,Completed,11,no,no,FALSE,NULL,FALSE,no,0,0,Moreland Blues FC,Western City FC ,2024.2 Series Futsal  Men,2024.2
174713,725,16,19,9/27/2024 20:15,9/27/2024 21:30,9/27/2024,20:15:00,11,Series Futsal Arena,,,,1,16,19,8,7,3,0,Completed,11,no,no,FALSE,NULL,FALSE,no,0,0,Pascoe Vale FC,Altona Knights FC,2024.2 Series Futsal  Men,2024.2
174715,725,20,355,10/4/2024 19:00,10/4/2024 20:15,10/4/2024,19:00:00,11,Series Futsal Arena,,,,1,20,355,4,2,3,0,Completed,12,no,no,FALSE,NULL,FALSE,no,0,0,Western United FC,Western City FC ,2024.2 Series Futsal  Men,2024.2
174716,725,331,18,10/4/2024 21:30,10/4/2024 22:45,10/4/2024,21:30:00,11,Series Futsal Arena,,,,1,18,331,5,2,3,0,Completed,12,no,no,FALSE,NULL,FALSE,no,0,0,Hume FC,Moreland Blues FC,2024.2 Series Futsal  Men,2024.2
174717,725,16,17,10/4/2024 20:15,10/4/2024 21:30,10/4/2024,20:15:00,11,Series Futsal Arena,,,,1,17,16,10,3,3,0,Completed,12,no,no,FALSE,NULL,FALSE,no,0,0,Pascoe Vale FC,Fitzroy FC,2024.2 Series Futsal  Men,2024.2
174719,725,20,331,10/11/2024 19:00,10/11/2024 20:15,10/11/2024,19:00:00,11,Series Futsal Arena,,,,1,331,20,9,5,3,0,Completed,13,no,no,FALSE,NULL,FALSE,no,0,0,Western United FC,Hume FC,2024.2 Series Futsal  Men,2024.2
174720,725,17,19,10/11/2024 21:30,10/11/2024 22:45,10/11/2024,21:30:00,11,Series Futsal Arena,,,,1,17,19,6,3,3,0,Completed,13,no,no,FALSE,NULL,FALSE,no,0,0,Fitzroy FC,Altona Knights FC,2024.2 Series Futsal  Men,2024.2
174721,725,16,18,10/11/2024 20:15,10/11/2024 21:30,10/11/2024,20:15:00,11,Series Futsal Arena,,,,1,18,16,7,3,3,0,Completed,13,no,no,FALSE,NULL,FALSE,no,0,0,Pascoe Vale FC,Moreland Blues FC,2024.2 Series Futsal  Men,2024.2
174723,725,355,19,10/18/2024 19:00,10/18/2024 20:15,10/18/2024,19:00:00,11,Series Futsal Arena,,,,1,19,355,6,4,3,0,Completed,14,no,no,FALSE,NULL,FALSE,no,0,0,Western City FC ,Altona Knights FC,2024.2 Series Futsal  Men,2024.2
174724,725,16,20,10/18/2024 21:30,10/18/2024 22:45,10/18/2024,21:30:00,11,Series Futsal Arena,,,,1,16,20,4,2,3,0,Completed,14,no,no,FALSE,NULL,FALSE,no,0,0,Pascoe Vale FC,Western United FC,2024.2 Series Futsal  Men,2024.2
174725,725,17,18,10/18/2024 20:15,10/18/2024 21:30,10/18/2024,20:15:00,11,Series Futsal Arena,,,,1,17,18,4,3,0,0,Completed,14,no,no,FALSE,NULL,FALSE,no,0,0,Fitzroy FC,Moreland Blues FC,2024.2 Series Futsal  Men,2024.2
174727,725,20,17,10/25/2024 19:00,10/25/2024 20:15,10/25/2024,19:00:00,11,Series Futsal Arena,,,,1,17,20,6,2,3,0,Completed,15,no,no,FALSE,NULL,FALSE,no,0,0,Western United FC,Fitzroy FC,2024.2 Series Futsal  Men,2024.2
174728,725,331,355,10/25/2024 21:30,10/25/2024 22:45,10/25/2024,21:30:00,11,Series Futsal Arena,,,,1,355,331,6,5,3,0,Completed,15,no,no,FALSE,NULL,FALSE,no,0,0,Hume FC,Western City FC ,2024.2 Series Futsal  Men,2024.2
174729,725,19,18,10/25/2024 20:15,10/25/2024 21:30,10/25/2024,20:15:00,11,Series Futsal Arena,,,,1,18,19,14,3,3,0,Completed,15,no,no,FALSE,NULL,FALSE,no,0,0,Altona Knights FC,Moreland Blues FC,2024.2 Series Futsal  Men,2024.2
174731,725,16,355,11/1/2024 19:00,11/1/2024 20:15,11/1/2024,19:00:00,11,Series Futsal Arena,,,,1,16,355,5,4,0,0,Completed,16,no,no,FALSE,NULL,FALSE,no,0,0,Pascoe Vale FC,Western City FC ,2024.2 Series Futsal  Men,2024.2
174732,725,19,331,11/1/2024 21:30,11/1/2024 22:45,11/1/2024,21:30:00,11,Series Futsal Arena,,,,1,331,19,7,0,3,0,Completed,16,no,no,FALSE,NULL,FALSE,no,0,0,Altona Knights FC,Hume FC,2024.2 Series Futsal  Men,2024.2
174733,725,20,18,11/1/2024 20:15,11/1/2024 21:30,11/1/2024,20:15:00,11,Series Futsal Arena,,,,1,18,20,4,1,3,0,Completed,16,no,no,FALSE,NULL,FALSE,no,0,0,Western United FC,Moreland Blues FC,2024.2 Series Futsal  Men,2024.2
174735,725,19,20,11/8/2024 19:00,11/8/2024 20:15,11/8/2024,19:00:00,11,Series Futsal Arena,,,,1,20,19,5,2,3,0,Completed,17,no,no,FALSE,NULL,FALSE,no,0,0,Altona Knights FC,Western United FC,2024.2 Series Futsal  Men,2024.2
174736,725,17,355,11/8/2024 21:30,11/8/2024 22:45,11/8/2024,21:30:00,11,Series Futsal Arena,,,,1,17,355,7,5,3,0,Completed,17,no,no,FALSE,NULL,FALSE,no,0,0,Fitzroy FC,Western City FC ,2024.2 Series Futsal  Men,2024.2
174737,725,16,331,11/8/2024 20:15,11/8/2024 21:30,11/8/2024,20:15:00,11,Series Futsal Arena,,,,1,16,331,5,4,3,0,Completed,17,no,no,FALSE,NULL,FALSE,no,0,0,Pascoe Vale FC,Hume FC,2024.2 Series Futsal  Men,2024.2
174739,725,19,16,11/15/2024 19:00,11/15/2024 20:15,11/15/2024,19:00:00,11,Series Futsal Arena,,,,1,16,19,6,3,3,0,Completed,18,no,no,FALSE,NULL,FALSE,no,0,0,Altona Knights FC,Pascoe Vale FC,2024.2 Series Futsal  Men,2024.2
174740,725,355,18,11/15/2024 21:30,11/15/2024 22:45,11/15/2024,21:30:00,11,Series Futsal Arena,,,,1,18,355,9,4,3,0,Completed,18,no,no,FALSE,NULL,FALSE,no,0,0,Western City FC ,Moreland Blues FC,2024.2 Series Futsal  Men,2024.2
174741,725,17,331,11/15/2024 20:15,11/15/2024 21:30,11/15/2024,20:15:00,11,Series Futsal Arena,,,,1,17,331,4,1,3,0,Completed,18,no,no,FALSE,NULL,FALSE,no,0,0,Fitzroy FC,Hume FC,2024.2 Series Futsal  Men,2024.2
174743,725,18,331,11/22/2024 19:00,11/22/2024 20:15,11/22/2024,19:00:00,11,Series Futsal Arena,,,,1,18,331,5,4,3,0,Completed,19,no,no,FALSE,NULL,FALSE,no,0,0,Moreland Blues FC,Hume FC,2024.2 Series Futsal  Men,2024.2
174744,725,355,20,11/22/2024 21:30,11/22/2024 22:45,11/22/2024,21:30:00,11,Series Futsal Arena,,,,1,355,20,5,2,3,0,Completed,19,no,no,FALSE,NULL,FALSE,no,0,0,Western City FC ,Western United FC,2024.2 Series Futsal  Men,2024.2
174745,725,17,16,11/22/2024 20:15,11/22/2024 21:30,11/22/2024,20:15:00,11,Series Futsal Arena,,,,1,17,16,5,1,3,0,Completed,19,no,no,FALSE,NULL,FALSE,no,0,0,Fitzroy FC,Pascoe Vale FC,2024.2 Series Futsal  Men,2024.2
174747,725,19,17,11/29/2024 19:00,11/29/2024 20:15,11/29/2024,19:00:00,11,Series Futsal Arena,,,,1,17,19,10,2,3,0,Completed,20,no,no,FALSE,NULL,FALSE,no,0,0,Altona Knights FC,Fitzroy FC,2024.2 Series Futsal  Men,2024.2
174748,725,331,20,11/29/2024 21:30,11/29/2024 22:45,11/29/2024,21:30:00,11,Series Futsal Arena,,,,1,331,20,4,0,3,0,Completed,20,no,no,FALSE,NULL,FALSE,no,0,0,Hume FC,Western United FC,2024.2 Series Futsal  Men,2024.2
174749,725,18,16,11/29/2024 20:15,11/29/2024 21:30,11/29/2024,20:15:00,11,Series Futsal Arena,,,,1,18,16,4,3,3,0,Completed,20,no,no,FALSE,NULL,FALSE,no,0,0,Moreland Blues FC,Pascoe Vale FC,2024.2 Series Futsal  Men,2024.2
174751,725,18,17,12/6/2024 18:45,12/6/2024 20:00,12/6/2024,18:45:00,11,Series Futsal Arena,,,,1,17,18,5,2,3,0,Completed,21,no,no,FALSE,NULL,FALSE,no,0,0,Moreland Blues FC,Fitzroy FC,2024.2 Series Futsal  Men,2024.2
174752,725,20,16,12/6/2024 21:30,12/6/2024 22:45,12/6/2024,21:30:00,11,Series Futsal Arena,,,,1,20,16,4,3,3,0,Completed,21,no,no,FALSE,NULL,FALSE,no,0,0,Western United FC,Pascoe Vale FC,2024.2 Series Futsal  Men,2024.2
174753,725,19,355,12/6/2024 20:15,12/6/2024 21:30,12/6/2024,20:15:00,11,Series Futsal Arena,,,,1,19,355,4,1,3,0,Completed,21,no,no,FALSE,NULL,FALSE,no,0,0,Altona Knights FC,Western City FC ,2024.2 Series Futsal  Men,2024.2
215797,878,17,331,1/31/2025 18:45,1/31/2025 20:00,1/31/2025,18:45:00,12,Series Futsal Darebin Court 3&4,,,,1,17,331,4,0,3,0,Completed,1,yes,no,FALSE,NULL,FALSE,no,0,0,Fitzroy FC,Hume FC,2025.1 Series Futsal  Men,2025.1
215798,878,18,22,1/31/2025 20:05,1/31/2025 21:20,1/31/2025,20:05:00,12,Series Futsal Darebin Court 3&4,,,,1,18,22,11,0,3,0,Completed,1,no,no,FALSE,NULL,FALSE,no,0,0,Moreland Blues FC,FC Carlton Heart,2025.1 Series Futsal  Men,2025.1
215799,878,20,19,1/31/2025 21:25,1/31/2025 22:40,1/31/2025,21:25:00,12,Series Futsal Darebin Court 3&4,,,,1,20,19,6,6,1,1,Completed,1,yes,no,FALSE,NULL,FALSE,no,0,0,Western United FC,Altona Knights FC,2025.1 Series Futsal  Men,2025.1
215801,878,20,22,2/7/2025 18:45,2/7/2025 20:00,2/7/2025,18:45:00,12,Series Futsal Darebin Court 3&4,,,,1,20,22,10,3,3,0,Completed,2,no,no,FALSE,NULL,FALSE,no,0,0,Western United FC,FC Carlton Heart,2025.1 Series Futsal  Men,2025.1
215802,878,16,19,2/7/2025 20:05,2/7/2025 21:20,2/7/2025,20:05:00,12,Series Futsal Darebin Court 3&4,,,,1,16,19,9,2,3,0,Completed,2,no,no,FALSE,NULL,FALSE,no,0,0,Pascoe Vale FC,Altona Knights FC,2025.1 Series Futsal  Men,2025.1
215803,878,18,331,2/7/2025 21:25,2/7/2025 22:40,2/7/2025,21:25:00,12,Series Futsal Darebin Court 3&4,,,,1,18,331,9,0,3,0,Completed,2,no,no,FALSE,NULL,FALSE,no,0,0,Moreland Blues FC,Hume FC,2025.1 Series Futsal  Men,2025.1
215805,878,17,19,2/14/2025 18:45,2/14/2025 20:00,2/14/2025,18:45:00,12,Series Futsal Darebin Court 3&4,,,,1,17,19,15,1,3,0,Completed,3,no,no,FALSE,NULL,FALSE,no,0,0,Fitzroy FC,Altona Knights FC,2025.1 Series Futsal  Men,2025.1
215806,878,331,20,2/14/2025 20:05,2/14/2025 21:20,2/14/2025,20:05:00,12,Series Futsal Darebin Court 3&4,,,,1,20,331,7,1,3,0,Completed,3,no,no,FALSE,NULL,FALSE,no,0,0,Hume FC,Western United FC,2025.1 Series Futsal  Men,2025.1
215807,878,16,22,2/14/2025 21:25,2/14/2025 22:40,2/14/2025,21:25:00,12,Series Futsal Darebin Court 3&4,,,,1,16,22,16,8,3,0,Completed,3,no,no,FALSE,NULL,FALSE,no,0,0,Pascoe Vale FC,FC Carlton Heart,2025.1 Series Futsal  Men,2025.1
215809,878,22,17,2/21/2025 18:45,2/21/2025 20:00,2/21/2025,18:45:00,12,Series Futsal Darebin Court 3&4,,,,1,17,22,20,2,3,0,Completed,4,no,no,FALSE,NULL,FALSE,no,0,0,FC Carlton Heart,Fitzroy FC,2025.1 Series Futsal  Men,2025.1
215810,878,16,331,2/21/2025 20:05,2/21/2025 21:20,2/21/2025,20:05:00,12,Series Futsal Darebin Court 3&4,,,,1,16,331,3,2,3,0,Completed,4,no,no,FALSE,NULL,FALSE,no,0,0,Pascoe Vale FC,Hume FC,2025.1 Series Futsal  Men,2025.1
215811,878,18,19,2/21/2025 21:25,2/21/2025 22:40,2/21/2025,21:25:00,12,Series Futsal Darebin Court 3&4,,,,1,18,19,6,0,3,0,Completed,4,no,no,FALSE,NULL,FALSE,no,0,0,Moreland Blues FC,Altona Knights FC,2025.1 Series Futsal  Men,2025.1
215813,878,22,329,2/28/2025 18:45,2/28/2025 20:00,2/28/2025,18:45:00,12,Series Futsal Darebin Court 3&4,,,,1,329,22,11,2,3,0,Completed,5,no,no,FALSE,NULL,FALSE,no,0,0,FC Carlton Heart,Melbourne AKU FC,2025.1 Series Futsal  Men,2025.1
215814,878,17,18,2/28/2025 20:05,2/28/2025 21:20,2/28/2025,20:05:00,12,Series Futsal Darebin Court 3&4,,,,1,18,17,1,0,3,0,Completed,5,no,no,FALSE,NULL,FALSE,no,0,0,Fitzroy FC,Moreland Blues FC,2025.1 Series Futsal  Men,2025.1
215815,878,20,16,2/28/2025 21:25,2/28/2025 22:40,2/28/2025,21:25:00,12,Series Futsal Darebin Court 3&4,,,,1,20,16,2,2,1,1,Completed,5,yes,no,FALSE,NULL,FALSE,no,0,0,Western United FC,Pascoe Vale FC,2025.1 Series Futsal  Men,2025.1
215817,878,18,20,3/7/2025 18:25,3/7/2025 19:18,3/7/2025,18:25:00,12,Series Futsal Darebin Court 3&4,,,,1,18,20,3,0,3,0,Completed,6,no,no,FALSE,NULL,FALSE,no,0,0,Moreland Blues FC,Western United FC,2025.1 Series Futsal  Men,2025.1
215818,878,16,17,3/7/2025 19:45,3/7/2025 20:38,3/7/2025,19:45:00,12,Series Futsal Darebin Court 3&4,,,,1,17,16,6,2,3,0,Completed,6,no,no,FALSE,NULL,FALSE,no,0,0,Pascoe Vale FC,Fitzroy FC,2025.1 Series Futsal  Men,2025.1
215819,878,331,329,3/7/2025 21:05,3/7/2025 21:58,3/7/2025,21:05:00,12,Series Futsal Darebin Court 3&4,,,,1,329,331,5,1,3,0,Completed,6,no,no,FALSE,NULL,FALSE,no,0,0,Hume FC,Melbourne AKU FC,2025.1 Series Futsal  Men,2025.1
215821,878,17,20,3/14/2025 18:25,3/14/2025 19:18,3/14/2025,18:25:00,12,Series Futsal Darebin Court 3&4,,,,1,20,17,7,6,3,0,Completed,7,no,no,FALSE,NULL,FALSE,no,0,0,Fitzroy FC,Western United FC,2025.1 Series Futsal  Men,2025.1
215822,878,18,16,3/14/2025 19:45,3/14/2025 20:38,3/14/2025,19:45:00,12,Series Futsal Darebin Court 3&4,,,,1,18,16,6,2,3,0,Completed,7,no,no,FALSE,NULL,FALSE,no,0,0,Moreland Blues FC,Pascoe Vale FC,2025.1 Series Futsal  Men,2025.1
215823,878,331,22,3/14/2025 21:05,3/14/2025 21:58,3/14/2025,21:05:00,12,Series Futsal Darebin Court 3&4,,,,1,331,22,7,7,1,1,Completed,7,yes,no,FALSE,NULL,FALSE,no,0,0,Hume FC,FC Carlton Heart,2025.1 Series Futsal  Men,2025.1
217712,878,18,22,3/21/2025 18:25,3/21/2025 19:18,3/21/2025,18:25:00,11,Series Futsal Arena,,,,1,18,22,11,6,3,0,Completed,8,no,no,FALSE,NULL,FALSE,no,0,0,Moreland Blues FC,FC Carlton Heart,2025.1 Series Futsal  Men,2025.1
217713,878,20,329,3/21/2025 19:45,3/21/2025 20:38,3/21/2025,19:45:00,11,Series Futsal Arena,,,,1,20,329,4,2,3,0,Completed,8,no,no,FALSE,NULL,FALSE,no,0,0,Western United FC,Melbourne AKU FC,2025.1 Series Futsal  Men,2025.1
217714,878,17,331,3/21/2025 21:05,3/21/2025 21:58,3/21/2025,21:05:00,11,Series Futsal Arena,,,,1,17,331,5,3,3,0,Completed,8,no,no,FALSE,NULL,FALSE,no,0,0,Fitzroy FC,Hume FC,2025.1 Series Futsal  Men,2025.1
217716,878,22,20,3/28/2025 18:25,3/28/2025 19:18,3/28/2025,18:25:00,11,Series Futsal Arena,,,,1,20,22,5,1,3,0,Completed,9,no,no,FALSE,NULL,FALSE,no,0,0,FC Carlton Heart,Western United FC,2025.1 Series Futsal  Men,2025.1
217717,878,18,331,3/28/2025 19:45,3/28/2025 20:38,3/28/2025,19:45:00,11,Series Futsal Arena,,,,1,18,331,9,1,3,0,Completed,9,no,no,FALSE,NULL,FALSE,no,0,0,Moreland Blues FC,Hume FC,2025.1 Series Futsal  Men,2025.1
217718,878,16,329,3/28/2025 21:05,3/28/2025 21:58,3/28/2025,21:05:00,11,Series Futsal Arena,,,,1,16,329,6,3,3,0,Completed,9,no,no,FALSE,NULL,FALSE,no,0,0,Pascoe Vale FC,Melbourne AKU FC,2025.1 Series Futsal  Men,2025.1
217720,878,331,329,4/4/2025 18:25,4/4/2025 19:18,4/4/2025,18:25:00,11,Series Futsal Arena,,,,1,331,329,5,4,3,0,Completed,10,no,no,FALSE,NULL,FALSE,no,0,0,Hume FC,Melbourne AKU FC,2025.1 Series Futsal  Men,2025.1
217721,878,17,16,4/4/2025 19:45,4/4/2025 20:38,4/4/2025,19:45:00,11,Series Futsal Arena,,,,1,16,17,4,2,3,0,Completed,10,no,no,FALSE,NULL,FALSE,no,0,0,Fitzroy FC,Pascoe Vale FC,2025.1 Series Futsal  Men,2025.1
217722,878,18,20,4/4/2025 21:05,4/4/2025 21:58,4/4/2025,21:05:00,11,Series Futsal Arena,,,,1,18,20,4,3,3,0,Completed,10,no,no,FALSE,NULL,FALSE,no,0,0,Moreland Blues FC,Western United FC,2025.1 Series Futsal  Men,2025.1
217724,878,17,329,4/11/2025 18:25,4/11/2025 19:18,4/11/2025,18:25:00,11,Series Futsal Arena,,,,1,17,329,8,2,3,0,Completed,11,no,no,FALSE,NULL,FALSE,no,0,0,Fitzroy FC,Melbourne AKU FC,2025.1 Series Futsal  Men,2025.1
217725,878,20,331,4/11/2025 19:45,4/11/2025 20:38,4/11/2025,19:45:00,11,Series Futsal Arena,,,,1,20,331,4,2,3,0,Completed,11,no,no,FALSE,NULL,FALSE,no,0,0,Western United FC,Hume FC,2025.1 Series Futsal  Men,2025.1
217726,878,22,16,4/11/2025 21:05,4/11/2025 21:58,4/11/2025,21:05:00,11,Series Futsal Arena,,,,1,16,22,10,1,3,0,Completed,11,no,no,FALSE,NULL,FALSE,no,0,0,FC Carlton Heart,Pascoe Vale FC,2025.1 Series Futsal  Men,2025.1
217728,878,20,17,5/2/2025 18:25,5/2/2025 19:18,5/2/2025,18:25:00,11,Series Futsal Arena,,,,1,17,20,5,2,3,0,Completed,12,no,no,FALSE,NULL,FALSE,no,0,0,Western United FC,Fitzroy FC,2025.1 Series Futsal  Men,2025.1
217729,878,16,18,5/2/2025 19:45,5/2/2025 20:38,5/2/2025,19:45:00,11,Series Futsal Arena,,,,1,18,16,9,4,3,0,Completed,12,no,no,FALSE,NULL,FALSE,no,0,0,Pascoe Vale FC,Moreland Blues FC,2025.1 Series Futsal  Men,2025.1
217730,878,331,22,5/2/2025 21:05,5/2/2025 21:58,5/2/2025,21:05:00,11,Series Futsal Arena,,,,1,331,22,6,2,3,0,Completed,12,no,no,FALSE,NULL,FALSE,no,0,0,Hume FC,FC Carlton Heart,2025.1 Series Futsal  Men,2025.1
217732,878,17,22,5/9/2025 18:25,5/9/2025 19:18,5/9/2025,18:25:00,11,Series Futsal Arena,,,,1,17,22,22,3,3,0,Completed,13,no,no,FALSE,NULL,FALSE,no,0,0,Fitzroy FC,FC Carlton Heart,2025.1 Series Futsal  Men,2025.1
217733,878,331,16,5/9/2025 19:45,5/9/2025 20:38,5/9/2025,19:45:00,11,Series Futsal Arena,,,,1,331,16,4,3,3,0,Completed,13,no,no,FALSE,NULL,FALSE,no,0,0,Hume FC,Pascoe Vale FC,2025.1 Series Futsal  Men,2025.1
217734,878,18,329,5/9/2025 21:05,5/9/2025 21:58,5/9/2025,21:05:00,11,Series Futsal Arena,,,,1,18,329,8,3,3,0,Completed,13,no,no,FALSE,NULL,FALSE,no,0,0,Moreland Blues FC,Melbourne AKU FC,2025.1 Series Futsal  Men,2025.1
217736,878,329,22,5/16/2025 18:25,5/16/2025 19:18,5/16/2025,18:25:00,11,Series Futsal Arena,,,,1,22,329,4,3,3,0,Completed,14,no,no,FALSE,NULL,FALSE,no,0,0,Melbourne AKU FC,FC Carlton Heart,2025.1 Series Futsal  Men,2025.1
217737,878,17,18,5/16/2025 19:45,5/16/2025 20:38,5/16/2025,19:45:00,11,Series Futsal Arena,,,,1,17,18,3,3,1,1,Completed,14,yes,no,FALSE,NULL,FALSE,no,0,0,Fitzroy FC,Moreland Blues FC,2025.1 Series Futsal  Men,2025.1
217738,878,20,16,5/16/2025 21:05,5/16/2025 21:58,5/16/2025,21:05:00,11,Series Futsal Arena,,,,1,16,20,4,3,3,0,Completed,14,no,no,FALSE,NULL,FALSE,no,0,0,Western United FC,Pascoe Vale FC,2025.1 Series Futsal  Men,2025.1
228336,878,18,331,5/23/2025 18:20,5/23/2025 19:13,5/23/2025,18:20:00,11,Series Futsal Arena,,,,1,18,331,4,0,3,0,Completed,15,no,no,FALSE,NULL,FALSE,no,0,0,Moreland Blues FC,Hume FC,2025.1 Series Futsal  Men,2025.1
228337,878,16,329,5/23/2025 19:55,5/23/2025 20:48,5/23/2025,19:55:00,11,Series Futsal Arena,,,,1,16,329,3,2,3,0,Completed,15,no,no,FALSE,NULL,FALSE,no,0,0,Pascoe Vale FC,Melbourne AKU FC,2025.1 Series Futsal  Men,2025.1
228338,878,20,22,5/23/2025 21:05,5/23/2025 21:58,5/23/2025,21:05:00,11,Series Futsal Arena,,,,1,20,22,7,1,3,0,Completed,15,no,no,FALSE,NULL,FALSE,no,0,0,Western United FC,FC Carlton Heart,2025.1 Series Futsal  Men,2025.1
228340,878,22,16,5/30/2025 18:20,5/30/2025 19:13,5/30/2025,18:20:00,11,Series Futsal Arena,,,,1,16,22,9,5,3,0,Completed,16,no,no,FALSE,NULL,FALSE,no,0,0,FC Carlton Heart,Pascoe Vale FC,2025.1 Series Futsal  Men,2025.1
228341,878,331,20,5/30/2025 19:45,5/30/2025 20:38,5/30/2025,19:45:00,11,Series Futsal Arena,,,,1,331,20,7,0,3,0,Completed,16,no,no,FALSE,NULL,FALSE,no,0,0,Hume FC,Western United FC,2025.1 Series Futsal  Men,2025.1
228342,878,329,17,5/30/2025 21:05,5/30/2025 21:58,5/30/2025,21:05:00,11,Series Futsal Arena,,,,1,17,329,7,1,3,0,Completed,16,no,no,FALSE,NULL,FALSE,no,0,0,Melbourne AKU FC,Fitzroy FC,2025.1 Series Futsal  Men,2025.1
228344,878,17,22,6/6/2025 18:20,6/6/2025 19:13,6/6/2025,18:20:00,11,Series Futsal Arena,,,,1,17,22,14,1,3,0,Completed,17,no,no,FALSE,NULL,FALSE,no,0,0,Fitzroy FC,FC Carlton Heart,2025.1 Series Futsal  Men,2025.1
228345,878,16,331,6/6/2025 19:45,6/6/2025 20:38,6/6/2025,19:45:00,11,Series Futsal Arena,,,,1,16,331,3,0,3,0,Completed,17,no,no,FALSE,NULL,FALSE,no,0,0,Pascoe Vale FC,Hume FC,2025.1 Series Futsal  Men,2025.1
228346,878,18,329,6/6/2025 21:05,6/6/2025 21:58,6/6/2025,21:05:00,11,Series Futsal Arena,,,,1,18,329,14,3,3,0,Completed,17,no,no,FALSE,NULL,FALSE,no,0,0,Moreland Blues FC,Melbourne AKU FC,2025.1 Series Futsal  Men,2025.1
228348,878,20,17,6/13/2025 18:20,6/13/2025 19:13,6/13/2025,18:20:00,11,Series Futsal Arena,,,,1,17,20,7,2,3,0,Completed,18,no,no,FALSE,NULL,FALSE,no,0,0,Western United FC,Fitzroy FC,2025.1 Series Futsal  Men,2025.1
228349,878,18,16,6/13/2025 19:45,6/13/2025 20:38,6/13/2025,19:45:00,11,Series Futsal Arena,,,,1,16,18,4,1,3,0,Completed,18,no,no,FALSE,NULL,FALSE,no,0,0,Moreland Blues FC,Pascoe Vale FC,2025.1 Series Futsal  Men,2025.1
228350,878,331,22,6/13/2025 21:05,6/13/2025 21:58,6/13/2025,21:05:00,11,Series Futsal Arena,,,,1,331,22,16,2,3,0,Completed,18,no,no,FALSE,NULL,FALSE,no,0,0,Hume FC,FC Carlton Heart,2025.1 Series Futsal  Men,2025.1
228352,878,22,18,6/20/2025 18:20,6/20/2025 19:13,6/20/2025,18:20:00,11,Series Futsal Arena,,,,1,18,22,21,3,3,0,Completed,19,no,no,FALSE,NULL,FALSE,no,0,0,FC Carlton Heart,Moreland Blues FC,2025.1 Series Futsal  Men,2025.1
228353,878,331,17,6/20/2025 19:45,6/20/2025 20:38,6/20/2025,19:45:00,11,Series Futsal Arena,,,,1,17,331,5,1,3,0,Completed,19,no,no,FALSE,NULL,FALSE,no,0,0,Hume FC,Fitzroy FC,2025.1 Series Futsal  Men,2025.1
228354,878,329,20,6/20/2025 21:05,6/20/2025 21:58,6/20/2025,21:05:00,11,Series Futsal Arena,,,,1,329,20,5,4,3,0,Completed,19,no,no,FALSE,NULL,FALSE,no,0,0,Melbourne AKU FC,Western United FC,2025.1 Series Futsal  Men,2025.1
228356,878,329,22,6/27/2025 18:20,6/27/2025 19:13,6/27/2025,18:20:00,11,Series Futsal Arena,,,,1,329,22,7,4,3,0,Completed,20,no,no,FALSE,NULL,FALSE,no,0,0,Melbourne AKU FC,FC Carlton Heart,2025.1 Series Futsal  Men,2025.1
228357,878,17,18,6/27/2025 19:45,6/27/2025 20:38,6/27/2025,19:45:00,11,Series Futsal Arena,,,,1,17,18,3,3,1,1,Completed,20,yes,no,FALSE,NULL,FALSE,no,0,0,Fitzroy FC,Moreland Blues FC,2025.1 Series Futsal  Men,2025.1
228358,878,20,16,6/27/2025 21:05,6/27/2025 21:58,6/27/2025,21:05:00,11,Series Futsal Arena,,,,1,20,16,5,5,1,1,Completed,20,yes,no,FALSE,NULL,FALSE,no,0,0,Western United FC,Pascoe Vale FC,2025.1 Series Futsal  Men,2025.1
228360,878,329,331,7/4/2025 18:20,7/4/2025 19:13,7/4/2025,18:20:00,11,Series Futsal Arena,,,,1,329,331,5,1,3,0,Completed,21,no,no,FALSE,NULL,FALSE,no,0,0,Melbourne AKU FC,Hume FC,2025.1 Series Futsal  Men,2025.1
228361,878,16,17,7/4/2025 19:45,7/4/2025 20:38,7/4/2025,19:45:00,11,Series Futsal Arena,,,,1,17,16,5,2,3,0,Completed,21,no,no,FALSE,NULL,FALSE,no,0,0,Pascoe Vale FC,Fitzroy FC,2025.1 Series Futsal  Men,2025.1
228362,878,18,20,7/4/2025 21:05,7/4/2025 21:58,7/4/2025,21:05:00,11,Series Futsal Arena,,,,1,18,20,8,7,3,0,Completed,21,no,no,FALSE,NULL,FALSE,no,0,0,Moreland Blues FC,Western United FC,2025.1 Series Futsal  Men,2025.1
234582,948,17,329,8/15/2025 18:20,8/15/2025 19:15,8/15/2025,18:20:00,12,Series Futsal Darebin Court 3&4,,,,1,17,329,8,3,3,0,Completed,1,no,no,FALSE,NULL,FALSE,no,0,0,Fitzroy FC,Melbourne AKU FC,2025.2 SERIES FUTSAL Premiership,2025.2
234583,948,331,343,8/15/2025 19:45,8/15/2025 20:40,8/15/2025,19:45:00,12,Series Futsal Darebin Court 3&4,,,,1,343,331,6,1,3,0,Completed,1,no,no,FALSE,NULL,FALSE,no,0,0,Hume FC,Northern Phoenix FC,2025.2 SERIES FUTSAL Premiership,2025.2
234584,948,344,16,8/15/2025 21:05,8/15/2025 22:00,8/15/2025,21:05:00,12,Series Futsal Darebin Court 3&4,,,,1,344,16,5,4,3,0,Completed,1,no,no,FALSE,NULL,FALSE,no,0,0,Thornbury Utd FC ,Pascoe Vale FC,2025.2 SERIES FUTSAL Premiership,2025.2
234586,948,343,18,8/22/2025 18:20,8/22/2025 19:15,8/22/2025,18:20:00,12,Series Futsal Darebin Court 3&4,,,,1,18,343,13,1,3,0,Completed,2,no,no,FALSE,NULL,FALSE,no,0,0,Northern Phoenix FC,Moreland Blues FC,2025.2 SERIES FUTSAL Premiership,2025.2
234587,948,17,331,8/22/2025 19:45,8/22/2025 20:40,8/22/2025,19:45:00,12,Series Futsal Darebin Court 3&4,,,,1,17,331,8,1,3,0,Completed,2,no,no,FALSE,NULL,FALSE,no,0,0,Fitzroy FC,Hume FC,2025.2 SERIES FUTSAL Premiership,2025.2
234588,948,329,344,8/22/2025 21:05,8/22/2025 22:00,8/22/2025,21:05:00,12,Series Futsal Darebin Court 3&4,,,,1,329,344,5,4,3,0,Completed,2,no,no,FALSE,NULL,FALSE,no,0,0,Melbourne AKU FC,Thornbury Utd FC ,2025.2 SERIES FUTSAL Premiership,2025.2
234590,948,344,331,8/29/2025 18:20,8/29/2025 19:15,8/29/2025,18:20:00,12,Series Futsal Darebin Court 3&4,,,,1,331,344,5,4,3,0,Completed,3,yes,no,FALSE,NULL,FALSE,no,0,0,Thornbury Utd FC ,Hume FC,2025.2 SERIES FUTSAL Premiership,2025.2
234591,948,16,17,8/29/2025 19:45,8/29/2025 20:40,8/29/2025,19:45:00,12,Series Futsal Darebin Court 3&4,,,,1,17,16,6,1,3,0,Completed,3,no,no,FALSE,NULL,FALSE,no,0,0,Pascoe Vale FC,Fitzroy FC,2025.2 SERIES FUTSAL Premiership,2025.2
234592,948,18,329,8/29/2025 21:05,8/29/2025 22:00,8/29/2025,21:05:00,12,Series Futsal Darebin Court 3&4,,,,1,18,329,4,4,1,1,Completed,3,yes,no,FALSE,NULL,FALSE,no,0,0,Moreland Blues FC,Melbourne AKU FC,2025.2 SERIES FUTSAL Premiership,2025.2
234594,948,17,343,9/5/2025 18:20,9/5/2025 19:15,9/5/2025,18:20:00,12,Series Futsal Darebin Court 3&4,,,,1,17,343,8,7,3,0,Completed,4,no,no,FALSE,NULL,FALSE,no,0,0,Fitzroy FC,Northern Phoenix FC,2025.2 SERIES FUTSAL Premiership,2025.2
234595,948,18,331,9/5/2025 19:45,9/5/2025 20:40,9/5/2025,19:45:00,12,Series Futsal Darebin Court 3&4,,,,1,18,331,6,4,3,0,Completed,4,no,no,FALSE,NULL,FALSE,no,0,0,Moreland Blues FC,Hume FC,2025.2 SERIES FUTSAL Premiership,2025.2
234596,948,329,16,9/5/2025 21:05,9/5/2025 22:00,9/5/2025,21:05:00,12,Series Futsal Darebin Court 3&4,,,,1,16,329,4,1,3,0,Completed,4,no,no,FALSE,NULL,FALSE,no,0,0,Melbourne AKU FC,Pascoe Vale FC,2025.2 SERIES FUTSAL Premiership,2025.2
234598,948,343,329,9/12/2025 18:20,9/12/2025 19:15,9/12/2025,18:20:00,12,Series Futsal Darebin Court 3&4,,,,1,329,343,6,4,3,0,Completed,5,no,no,FALSE,NULL,FALSE,no,0,0,Northern Phoenix FC,Melbourne AKU FC,2025.2 SERIES FUTSAL Premiership,2025.2
234599,948,18,16,9/12/2025 19:45,9/12/2025 20:40,9/12/2025,19:45:00,12,Series Futsal Darebin Court 3&4,,,,1,16,18,7,3,3,0,Completed,5,no,no,FALSE,NULL,FALSE,no,0,0,Moreland Blues FC,Pascoe Vale FC,2025.2 SERIES FUTSAL Premiership,2025.2
234600,948,344,17,9/12/2025 21:05,9/12/2025 22:00,9/12/2025,21:05:00,12,Series Futsal Darebin Court 3&4,,,,1,17,344,5,0,3,0,Completed,5,no,no,FALSE,NULL,FALSE,no,0,0,Thornbury Utd FC ,Fitzroy FC,2025.2 SERIES FUTSAL Premiership,2025.2
234602,948,344,18,9/19/2025 18:20,9/19/2025 19:15,9/19/2025,18:20:00,12,Series Futsal Darebin Court 3&4,,,,1,18,344,8,1,3,0,Completed,6,no,no,FALSE,NULL,FALSE,no,0,0,Thornbury Utd FC ,Moreland Blues FC,2025.2 SERIES FUTSAL Premiership,2025.2
234603,948,329,331,9/19/2025 19:45,9/19/2025 20:40,9/19/2025,19:45:00,12,Series Futsal Darebin Court 3&4,,,,1,329,331,8,3,3,0,Completed,6,no,no,FALSE,NULL,FALSE,no,0,0,Melbourne AKU FC,Hume FC,2025.2 SERIES FUTSAL Premiership,2025.2
234604,948,16,343,9/19/2025 21:05,9/19/2025 22:00,9/19/2025,21:05:00,12,Series Futsal Darebin Court 3&4,,,,1,16,343,3,3,1,1,Completed,6,yes,no,FALSE,NULL,FALSE,no,0,0,Pascoe Vale FC,Northern Phoenix FC,2025.2 SERIES FUTSAL Premiership,2025.2
234606,948,344,343,10/3/2025 18:20,10/3/2025 19:15,10/3/2025,18:20:00,12,Series Futsal Darebin Court 3&4,,,,1,344,343,5,4,3,0,Completed,7,no,no,FALSE,NULL,FALSE,no,0,0,Thornbury Utd FC ,Northern Phoenix FC,2025.2 SERIES FUTSAL Premiership,2025.2
234607,948,18,17,10/3/2025 19:45,10/3/2025 20:40,10/3/2025,19:45:00,12,Series Futsal Darebin Court 3&4,,,,1,18,17,5,5,1,1,Completed,7,yes,no,FALSE,NULL,FALSE,no,0,0,Moreland Blues FC,Fitzroy FC,2025.2 SERIES FUTSAL Premiership,2025.2
234608,948,331,16,10/3/2025 21:05,10/3/2025 22:00,10/3/2025,21:05:00,12,Series Futsal Darebin Court 3&4,,,,1,331,16,2,2,1,1,Completed,7,yes,no,FALSE,NULL,FALSE,no,0,0,Hume FC,Pascoe Vale FC,2025.2 SERIES FUTSAL Premiership,2025.2
234610,948,343,18,10/10/2025 18:20,10/10/2025 19:15,10/10/2025,18:20:00,12,Series Futsal Darebin Court 3&4,,,,1,18,343,13,2,3,0,Completed,8,no,no,FALSE,NULL,FALSE,no,0,0,Northern Phoenix FC,Moreland Blues FC,2025.2 SERIES FUTSAL Premiership,2025.2
234611,948,331,17,10/10/2025 19:45,10/10/2025 20:40,10/10/2025,19:45:00,12,Series Futsal Darebin Court 3&4,,,,1,17,331,5,1,3,0,Completed,8,no,no,FALSE,NULL,FALSE,no,0,0,Hume FC,Fitzroy FC,2025.2 SERIES FUTSAL Premiership,2025.2
234612,948,16,329,10/10/2025 21:05,10/10/2025 22:00,10/10/2025,21:05:00,12,Series Futsal Darebin Court 3&4,,,,1,16,329,5,3,3,0,Completed,8,no,no,FALSE,NULL,FALSE,no,0,0,Pascoe Vale FC,Melbourne AKU FC,2025.2 SERIES FUTSAL Premiership,2025.2
234614,948,331,16,10/17/2025 18:20,10/17/2025 19:15,10/17/2025,18:20:00,12,Series Futsal Darebin Court 3&4,,,,1,331,16,4,4,1,1,Completed,9,yes,no,FALSE,NULL,FALSE,no,0,0,Hume FC,Pascoe Vale FC,2025.2 SERIES FUTSAL Premiership,2025.2
234615,948,17,329,10/17/2025 19:45,10/17/2025 20:40,10/17/2025,19:45:00,12,Series Futsal Darebin Court 3&4,,,,1,17,329,2,1,3,0,Completed,9,no,no,FALSE,NULL,FALSE,no,0,0,Fitzroy FC,Melbourne AKU FC,2025.2 SERIES FUTSAL Premiership,2025.2
234616,948,344,343,10/17/2025 21:05,10/17/2025 22:00,10/17/2025,21:05:00,12,Series Futsal Darebin Court 3&4,,,,1,343,344,8,2,3,0,Completed,9,no,no,FALSE,NULL,FALSE,no,0,0,Thornbury Utd FC ,Northern Phoenix FC,2025.2 SERIES FUTSAL Premiership,2025.2
234618,948,18,331,10/24/2025 18:20,10/24/2025 19:15,10/24/2025,18:20:00,12,Series Futsal Darebin Court 3&4,,,,1,18,331,4,3,3,0,Completed,10,no,no,FALSE,NULL,FALSE,no,0,0,Moreland Blues FC,Hume FC,2025.2 SERIES FUTSAL Premiership,2025.2
234619,948,16,343,10/24/2025 19:45,10/24/2025 20:40,10/24/2025,19:45:00,12,Series Futsal Darebin Court 3&4,,,,1,16,343,6,3,3,0,Completed,10,no,no,FALSE,NULL,FALSE,no,0,0,Pascoe Vale FC,Northern Phoenix FC,2025.2 SERIES FUTSAL Premiership,2025.2
234620,948,344,329,10/24/2025 21:05,10/24/2025 22:00,10/24/2025,21:05:00,12,Series Futsal Darebin Court 3&4,,,,1,329,344,4,2,3,0,Completed,10,no,no,FALSE,NULL,FALSE,no,0,0,Thornbury Utd FC ,Melbourne AKU FC,2025.2 SERIES FUTSAL Premiership,2025.2
234622,948,344,17,10/31/2025 18:20,10/31/2025 19:15,10/31/2025,18:20:00,12,Series Futsal Darebin Court 3&4,,,,1,17,344,12,3,3,0,Completed,11,no,no,FALSE,NULL,FALSE,no,0,0,Thornbury Utd FC ,Fitzroy FC,2025.2 SERIES FUTSAL Premiership,2025.2
234623,948,18,16,10/31/2025 19:45,10/31/2025 20:40,10/31/2025,19:45:00,12,Series Futsal Darebin Court 3&4,,,,1,18,16,5,3,3,0,Completed,11,no,no,FALSE,NULL,FALSE,no,0,0,Moreland Blues FC,Pascoe Vale FC,2025.2 SERIES FUTSAL Premiership,2025.2
234624,948,329,331,10/31/2025 21:05,10/31/2025 22:00,10/31/2025,21:05:00,12,Series Futsal Darebin Court 3&4,,,,1,331,329,5,0,3,0,Completed,11,no,no,FALSE,NULL,FALSE,no,0,0,Melbourne AKU FC,Hume FC,2025.2 SERIES FUTSAL Premiership,2025.2
234626,948,344,331,11/7/2025 18:20,11/7/2025 19:15,11/7/2025,18:20:00,12,Series Futsal Darebin Court 3&4,,,,1,331,344,2,0,3,0,Completed,12,no,no,FALSE,NULL,FALSE,no,0,0,Thornbury Utd FC ,Hume FC,2025.2 SERIES FUTSAL Premiership,2025.2
234627,948,18,329,11/7/2025 19:45,11/7/2025 20:40,11/7/2025,19:45:00,12,Series Futsal Darebin Court 3&4,,,,1,329,18,8,3,3,0,Completed,12,no,no,FALSE,NULL,FALSE,no,0,0,Moreland Blues FC,Melbourne AKU FC,2025.2 SERIES FUTSAL Premiership,2025.2
234628,948,17,343,11/7/2025 21:05,11/7/2025 22:00,11/7/2025,21:05:00,12,Series Futsal Darebin Court 3&4,,,,1,17,343,13,2,3,0,Completed,12,no,no,FALSE,NULL,FALSE,no,0,0,Fitzroy FC,Northern Phoenix FC,2025.2 SERIES FUTSAL Premiership,2025.2
234630,948,344,18,11/14/2025 18:20,11/14/2025 19:15,11/14/2025,18:20:00,12,Series Futsal Darebin Court 3&4,,,,1,18,344,10,6,3,0,Completed,13,no,no,FALSE,NULL,FALSE,no,0,0,Thornbury Utd FC ,Moreland Blues FC,2025.2 SERIES FUTSAL Premiership,2025.2
234631,948,16,17,11/14/2025 19:45,11/14/2025 20:40,11/14/2025,19:45:00,12,Series Futsal Darebin Court 3&4,,,,1,17,16,8,3,3,0,Completed,13,no,no,FALSE,NULL,FALSE,no,0,0,Pascoe Vale FC,Fitzroy FC,2025.2 SERIES FUTSAL Premiership,2025.2
234632,948,329,343,11/14/2025 21:05,11/14/2025 22:00,11/14/2025,21:05:00,12,Series Futsal Darebin Court 3&4,,,,1,343,329,6,4,3,0,Completed,13,no,no,FALSE,NULL,FALSE,no,0,0,Melbourne AKU FC,Northern Phoenix FC,2025.2 SERIES FUTSAL Premiership,2025.2
234634,948,16,344,11/21/2025 18:20,11/21/2025 19:15,11/21/2025,18:20:00,12,Series Futsal Darebin Court 3&4,,,,1,16,344,3,2,3,0,Completed,14,no,no,FALSE,NULL,FALSE,no,0,0,Pascoe Vale FC,Thornbury Utd FC ,2025.2 SERIES FUTSAL Premiership,2025.2
234635,948,17,18,11/21/2025 19:45,11/21/2025 20:40,11/21/2025,19:45:00,12,Series Futsal Darebin Court 3&4,,,,1,18,17,2,1,3,0,Completed,14,no,no,FALSE,NULL,FALSE,no,0,0,Fitzroy FC,Moreland Blues FC,2025.2 SERIES FUTSAL Premiership,2025.2
234636,948,331,343,11/21/2025 21:05,11/21/2025 22:00,11/21/2025,21:05:00,12,Series Futsal Darebin Court 3&4,,,,1,331,343,5,4,3,0,Completed,14,no,no,FALSE,NULL,FALSE,no,0,0,Hume FC,Northern Phoenix FC,2025.2 SERIES FUTSAL Premiership,2025.2
250457,1028,331,344,2/8/2026 17:20,2/8/2026 18:15,2/8/2026,17:20:00,11,Series Futsal Darebin Court 1&2,,,,1,331,344,4,1,3,0,Completed,1,no,no,FALSE,NULL,FALSE,no,0,0,Hume FC,Thornbury Utd FC ,2026 SERIES FUTSAL Premiership  Men,2026
250458,1028,18,17,2/8/2026 18:50,2/8/2026 19:45,2/8/2026,18:50:00,11,Series Futsal Darebin Court 1&2,,,,1,17,18,5,1,3,0,Completed,1,no,no,FALSE,NULL,FALSE,no,0,0,Moreland Blues FC,Fitzroy FC,2026 SERIES FUTSAL Premiership  Men,2026
250459,1028,16,329,2/8/2026 20:20,2/8/2026 21:15,2/8/2026,20:20:00,11,Series Futsal Darebin Court 1&2,,,,1,329,16,2,0,3,0,Completed,1,no,no,FALSE,NULL,FALSE,no,0,0,Pascoe Vale FC,Melbourne AKU FC,2026 SERIES FUTSAL Premiership  Men,2026
250461,1028,22,17,2/15/2026 16:50,2/15/2026 17:45,2/15/2026,16:50:00,11,Series Futsal Darebin Court 1&2,,,,1,17,22,9,1,3,0,Completed,2,no,no,FALSE,NULL,FALSE,no,0,0,FC Carlton Heart,Fitzroy FC,2026 SERIES FUTSAL Premiership  Men,2026
250462,1028,16,331,2/15/2026 18:20,2/15/2026 19:15,2/15/2026,18:20:00,11,Series Futsal Darebin Court 1&2,,,,1,16,331,4,2,3,0,Completed,2,no,no,FALSE,NULL,FALSE,no,101,0,Pascoe Vale FC,Hume FC,2026 SERIES FUTSAL Premiership  Men,2026
250463,1028,344,329,2/15/2026 19:50,2/15/2026 20:45,2/15/2026,19:50:00,11,Series Futsal Darebin Court 1&2,,,,1,344,329,5,5,1,1,Completed,2,yes,no,FALSE,NULL,FALSE,no,0,0,Thornbury Utd FC ,Melbourne AKU FC,2026 SERIES FUTSAL Premiership  Men,2026
250465,1028,344,18,3/1/2026 16:50,3/1/2026 17:45,3/1/2026,16:50:00,11,Series Futsal Darebin Court 1&2,,,,1,18,344,6,1,3,0,Completed,3,no,no,FALSE,NULL,FALSE,no,0,0,Thornbury Utd FC ,Moreland Blues FC,2026 SERIES FUTSAL Premiership  Men,2026
250466,1028,16,17,3/1/2026 18:20,3/1/2026 19:15,3/1/2026,18:20:00,11,Series Futsal Darebin Court 1&2,,,,1,17,16,2,1,3,0,Completed,3,no,no,FALSE,NULL,FALSE,no,0,0,Pascoe Vale FC,Fitzroy FC,2026 SERIES FUTSAL Premiership  Men,2026
250467,1028,331,22,3/1/2026 19:50,3/1/2026 20:45,3/1/2026,19:50:00,11,Series Futsal Darebin Court 1&2,,,,1,331,22,6,4,3,0,Completed,3,no,no,FALSE,NULL,FALSE,no,0,0,Hume FC,FC Carlton Heart,2026 SERIES FUTSAL Premiership  Men,2026
250469,1028,331,17,3/8/2026 16:50,3/8/2026 17:45,3/8/2026,16:50:00,12,Series Futsal Darebin Court 3&4,,,,1,331,17,4,3,3,0,Completed,4,no,no,FALSE,NULL,FALSE,no,0,0,Hume FC,Fitzroy FC,2026 SERIES FUTSAL Premiership  Men,2026
250470,1028,329,22,3/8/2026 18:20,3/8/2026 19:15,3/8/2026,18:20:00,12,Series Futsal Darebin Court 3&4,,,,1,329,22,3,1,3,0,Completed,4,no,no,FALSE,NULL,FALSE,no,0,0,Melbourne AKU FC,FC Carlton Heart,2026 SERIES FUTSAL Premiership  Men,2026
250471,1028,16,18,3/8/2026 19:50,3/8/2026 20:45,3/8/2026,19:50:00,12,Series Futsal Darebin Court 3&4,,,,1,18,16,7,2,3,0,Completed,4,no,no,FALSE,NULL,FALSE,no,0,0,Pascoe Vale FC,Moreland Blues FC,2026 SERIES FUTSAL Premiership  Men,2026
250473,1028,18,329,3/22/2026 16:50,3/22/2026 17:45,3/22/2026,16:50:00,11,Series Futsal Darebin Court 1&2,,,,1,18,329,4,0,3,0,Completed,5,no,no,FALSE,NULL,FALSE,no,0,0,Moreland Blues FC,Melbourne AKU FC,2026 SERIES FUTSAL Premiership  Men,2026
250474,1028,16,22,3/22/2026 18:20,3/22/2026 19:15,3/22/2026,18:20:00,11,Series Futsal Darebin Court 1&2,,,,1,16,22,6,6,1,1,Completed,5,yes,no,FALSE,NULL,FALSE,no,0,0,Pascoe Vale FC,FC Carlton Heart,2026 SERIES FUTSAL Premiership  Men,2026
250475,1028,17,344,3/22/2026 19:50,3/22/2026 20:45,3/22/2026,19:50:00,11,Series Futsal Darebin Court 1&2,,,,1,17,344,9,1,3,0,Completed,5,no,no,FALSE,NULL,FALSE,no,0,0,Fitzroy FC,Thornbury Utd FC ,2026 SERIES FUTSAL Premiership  Men,2026
250477,1028,344,22,3/29/2026 16:50,3/29/2026 17:45,3/29/2026,16:50:00,11,Series Futsal Darebin Court 1&2,,,,1,344,22,4,1,3,0,Completed,6,no,no,FALSE,NULL,FALSE,no,57,15,Thornbury Utd FC ,FC Carlton Heart,2026 SERIES FUTSAL Premiership  Men,2026
250478,1028,331,18,3/29/2026 18:20,3/29/2026 19:15,3/29/2026,18:20:00,11,Series Futsal Darebin Court 1&2,,,,1,18,331,2,1,3,0,Completed,6,no,no,FALSE,NULL,FALSE,no,53,51,Hume FC,Moreland Blues FC,2026 SERIES FUTSAL Premiership  Men,2026
250479,1028,17,329,3/29/2026 19:50,3/29/2026 20:45,3/29/2026,19:50:00,11,Series Futsal Darebin Court 1&2,,,,1,17,329,11,1,3,0,Completed,6,no,no,FALSE,NULL,FALSE,no,38,28,Fitzroy FC,Melbourne AKU FC,2026 SERIES FUTSAL Premiership  Men,2026
250481,1028,22,18,4/19/2026 16:50,4/19/2026 17:45,4/19/2026,16:50:00,12,Series Futsal Darebin Court 3&4,,,,1,22,18,7,7,1,1,Completed,7,yes,no,FALSE,NULL,FALSE,no,0,48,FC Carlton Heart,Moreland Blues FC,2026 SERIES FUTSAL Premiership  Men,2026
250482,1028,344,16,4/19/2026 18:20,4/19/2026 19:15,4/19/2026,18:20:00,12,Series Futsal Darebin Court 3&4,,,,1,344,16,5,5,1,1,Completed,7,yes,no,FALSE,NULL,FALSE,no,0,0,Thornbury Utd FC ,Pascoe Vale FC,2026 SERIES FUTSAL Premiership  Men,2026
250483,1028,329,331,4/19/2026 19:50,4/19/2026 20:45,4/19/2026,19:50:00,12,Series Futsal Darebin Court 3&4,,,,1,331,329,4,3,3,0,Completed,7,no,no,FALSE,NULL,FALSE,no,28,0,Melbourne AKU FC,Hume FC,2026 SERIES FUTSAL Premiership  Men,2026
250485,1028,329,17,4/26/2026 16:50,4/26/2026 17:45,4/26/2026,16:50:00,11,Series Futsal Darebin Court 1&2,,,,1,17,329,3,2,3,0,Completed,8,no,no,FALSE,NULL,FALSE,no,28,40,Melbourne AKU FC,Fitzroy FC,2026 SERIES FUTSAL Premiership  Men,2026
250486,1028,18,16,4/26/2026 18:20,4/26/2026 19:15,4/26/2026,18:20:00,11,Series Futsal Darebin Court 1&2,,,,1,18,16,5,1,3,0,Completed,8,no,no,FALSE,NULL,FALSE,no,51,104,Moreland Blues FC,Pascoe Vale FC,2026 SERIES FUTSAL Premiership  Men,2026
250487,1028,22,331,4/26/2026 19:50,4/26/2026 20:45,4/26/2026,19:50:00,11,Series Futsal Darebin Court 1&2,,,,1,331,22,6,3,3,0,Completed,8,no,no,FALSE,NULL,FALSE,no,0,52,FC Carlton Heart,Hume FC,2026 SERIES FUTSAL Premiership  Men,2026
